Study_ID_phenotype,First_Author,gen_factor,Native_env_cont,Native_env_cat,nat_env_mean,nat_env_sd,nat_env_factor,exp_env_cont,exp_env_cat,exp_env_factor,phen_n,phen_data,phen_SD,phen_mean_SE,phen_mean_lowCI_095,phen_mean_highCI_095,Comments
743_Bis_offspring_germination,Lampei,G_1,,,789,22,,857.25,,E_1,24,0.7,,,,,743_I calcuated proportional offspring germination from raw data
743_Bis_offspring_germination,Lampei,G_1,,,789,22,,857.25,,E_1,24,1,,,,,"743_note that G1-G4 are for one species and G5-G7 are for another, same phenotype was measured"
743_Bis_offspring_germination,Lampei,G_1,,,789,22,,857.25,,E_1,24,0.55,,,,,
743_Bis_offspring_germination,Lampei,G_1,,,789,22,,857.25,,E_1,24,0.75,,,,,
743_Bis_offspring_germination,Lampei,G_1,,,789,22,,857.25,,E_1,24,0.8,,,,,
743_Bis_offspring_germination,Lampei,G_1,,,789,22,,857.25,,E_1,24,0.8,,,,,
743_Bis_offspring_germination,Lampei,G_1,,,789,22,,857.25,,E_1,24,0.5,,,,,
743_Bis_offspring_germination,Lampei,G_1,,,789,22,,857.25,,E_1,24,0,,,,,
743_Bis_offspring_germination,Lampei,G_1,,,789,22,,857.25,,E_1,24,0.1,,,,,
743_Bis_offspring_germination,Lampei,G_1,,,789,22,,857.25,,E_1,24,0.2,,,,,
743_Bis_offspring_germination,Lampei,G_1,,,789,22,,857.25,,E_1,24,0.7,,,,,
743_Bis_offspring_germination,Lampei,G_1,,,789,22,,857.25,,E_1,24,0.4,,,,,
743_Bis_offspring_germination,Lampei,G_1,,,789,22,,857.25,,E_1,24,0.05,,,,,
743_Bis_offspring_germination,Lampei,G_1,,,789,22,,857.25,,E_1,24,0.1,,,,,
743_Bis_offspring_germination,Lampei,G_1,,,789,22,,857.25,,E_1,24,0.642857143,,,,,
743_Bis_offspring_germination,Lampei,G_1,,,789,22,,857.25,,E_1,24,0.785714286,,,,,
743_Bis_offspring_germination,Lampei,G_1,,,789,22,,857.25,,E_1,24,0.75,,,,,
743_Bis_offspring_germination,Lampei,G_1,,,789,22,,857.25,,E_1,24,0.85,,,,,
743_Bis_offspring_germination,Lampei,G_1,,,789,22,,857.25,,E_1,24,1,,,,,
743_Bis_offspring_germination,Lampei,G_1,,,789,22,,857.25,,E_1,24,1,,,,,
743_Bis_offspring_germination,Lampei,G_1,,,789,22,,857.25,,E_1,24,0.95,,,,,
743_Bis_offspring_germination,Lampei,G_1,,,789,22,,857.25,,E_1,24,0.9,,,,,
743_Bis_offspring_germination,Lampei,G_1,,,789,22,,857.25,,E_1,24,0.6,,,,,
743_Bis_offspring_germination,Lampei,G_1,,,789,22,,857.25,,E_1,24,0.65,,,,,
743_Bis_offspring_germination,Lampei,G_1,,,789,22,,471.94,,E_2,31,0.85,,,,,
743_Bis_offspring_germination,Lampei,G_1,,,789,22,,471.94,,E_2,31,0.8,,,,,
743_Bis_offspring_germination,Lampei,G_1,,,789,22,,471.94,,E_2,31,0.85,,,,,
743_Bis_offspring_germination,Lampei,G_1,,,789,22,,471.94,,E_2,31,0.95,,,,,
743_Bis_offspring_germination,Lampei,G_1,,,789,22,,471.94,,E_2,31,0.8,,,,,
743_Bis_offspring_germination,Lampei,G_1,,,789,22,,471.94,,E_2,31,0.8,,,,,
743_Bis_offspring_germination,Lampei,G_1,,,789,22,,471.94,,E_2,31,0.85,,,,,
743_Bis_offspring_germination,Lampei,G_1,,,789,22,,471.94,,E_2,31,0.8,,,,,
743_Bis_offspring_germination,Lampei,G_1,,,789,22,,471.94,,E_2,31,1,,,,,
743_Bis_offspring_germination,Lampei,G_1,,,789,22,,471.94,,E_2,31,0.95,,,,,
743_Bis_offspring_germination,Lampei,G_1,,,789,22,,471.94,,E_2,31,0.7,,,,,
743_Bis_offspring_germination,Lampei,G_1,,,789,22,,471.94,,E_2,31,0.8,,,,,
743_Bis_offspring_germination,Lampei,G_1,,,789,22,,471.94,,E_2,31,0.6,,,,,
743_Bis_offspring_germination,Lampei,G_1,,,789,22,,471.94,,E_2,31,0.7,,,,,
743_Bis_offspring_germination,Lampei,G_1,,,789,22,,471.94,,E_2,31,0.95,,,,,
743_Bis_offspring_germination,Lampei,G_1,,,789,22,,471.94,,E_2,31,0,,,,,
743_Bis_offspring_germination,Lampei,G_1,,,789,22,,471.94,,E_2,31,0,,,,,
743_Bis_offspring_germination,Lampei,G_1,,,789,22,,471.94,,E_2,31,0.65,,,,,
743_Bis_offspring_germination,Lampei,G_1,,,789,22,,471.94,,E_2,31,0.35,,,,,
743_Bis_offspring_germination,Lampei,G_1,,,789,22,,471.94,,E_2,31,0.1,,,,,
743_Bis_offspring_germination,Lampei,G_1,,,789,22,,471.94,,E_2,31,0.05,,,,,
743_Bis_offspring_germination,Lampei,G_1,,,789,22,,471.94,,E_2,31,0,,,,,
743_Bis_offspring_germination,Lampei,G_1,,,789,22,,471.94,,E_2,31,0.35,,,,,
743_Bis_offspring_germination,Lampei,G_1,,,789,22,,471.94,,E_2,31,0,,,,,
743_Bis_offspring_germination,Lampei,G_1,,,789,22,,471.94,,E_2,31,0.15,,,,,
743_Bis_offspring_germination,Lampei,G_1,,,789,22,,471.94,,E_2,31,1,,,,,
743_Bis_offspring_germination,Lampei,G_1,,,789,22,,471.94,,E_2,31,0.8,,,,,
743_Bis_offspring_germination,Lampei,G_1,,,789,22,,471.94,,E_2,31,0.85,,,,,
743_Bis_offspring_germination,Lampei,G_1,,,789,22,,471.94,,E_2,31,0.125,,,,,
743_Bis_offspring_germination,Lampei,G_1,,,789,22,,471.94,,E_2,31,1,,,,,
743_Bis_offspring_germination,Lampei,G_1,,,789,22,,471.94,,E_2,31,0.7,,,,,
743_Bis_offspring_germination,Lampei,G_1,,,789,22,,443.88,,E_3,26,1,,,,,
743_Bis_offspring_germination,Lampei,G_1,,,789,22,,443.88,,E_3,26,0.95,,,,,
743_Bis_offspring_germination,Lampei,G_1,,,789,22,,443.88,,E_3,26,0.95,,,,,
743_Bis_offspring_germination,Lampei,G_1,,,789,22,,443.88,,E_3,26,0.85,,,,,
743_Bis_offspring_germination,Lampei,G_1,,,789,22,,443.88,,E_3,26,0.95,,,,,
743_Bis_offspring_germination,Lampei,G_1,,,789,22,,443.88,,E_3,26,0.95,,,,,
743_Bis_offspring_germination,Lampei,G_1,,,789,22,,443.88,,E_3,26,0.05,,,,,
743_Bis_offspring_germination,Lampei,G_1,,,789,22,,443.88,,E_3,26,0.2,,,,,
743_Bis_offspring_germination,Lampei,G_1,,,789,22,,443.88,,E_3,26,0.7,,,,,
743_Bis_offspring_germination,Lampei,G_1,,,789,22,,443.88,,E_3,26,0.85,,,,,
743_Bis_offspring_germination,Lampei,G_1,,,789,22,,443.88,,E_3,26,0,,,,,
743_Bis_offspring_germination,Lampei,G_1,,,789,22,,443.88,,E_3,26,0.1,,,,,
743_Bis_offspring_germination,Lampei,G_1,,,789,22,,443.88,,E_3,26,0.1,,,,,
743_Bis_offspring_germination,Lampei,G_1,,,789,22,,443.88,,E_3,26,0.2,,,,,
743_Bis_offspring_germination,Lampei,G_1,,,789,22,,443.88,,E_3,26,0.7,,,,,
743_Bis_offspring_germination,Lampei,G_1,,,789,22,,443.88,,E_3,26,0.85,,,,,
743_Bis_offspring_germination,Lampei,G_1,,,789,22,,443.88,,E_3,26,0.8,,,,,
743_Bis_offspring_germination,Lampei,G_1,,,789,22,,443.88,,E_3,26,0.85,,,,,
743_Bis_offspring_germination,Lampei,G_1,,,789,22,,443.88,,E_3,26,0.6,,,,,
743_Bis_offspring_germination,Lampei,G_1,,,789,22,,443.88,,E_3,26,0.8,,,,,
743_Bis_offspring_germination,Lampei,G_1,,,789,22,,443.88,,E_3,26,0.65,,,,,
743_Bis_offspring_germination,Lampei,G_1,,,789,22,,443.88,,E_3,26,0.75,,,,,
743_Bis_offspring_germination,Lampei,G_1,,,789,22,,443.88,,E_3,26,1,,,,,
743_Bis_offspring_germination,Lampei,G_1,,,789,22,,443.88,,E_3,26,0.85,,,,,
743_Bis_offspring_germination,Lampei,G_1,,,789,22,,443.88,,E_3,26,1,,,,,
743_Bis_offspring_germination,Lampei,G_1,,,789,22,,443.88,,E_3,26,0.85,,,,,
743_Bis_offspring_germination,Lampei,G_1,,,789,22,,266.11,,E_4,23,0.85,,,,,
743_Bis_offspring_germination,Lampei,G_1,,,789,22,,266.11,,E_4,23,0.9,,,,,
743_Bis_offspring_germination,Lampei,G_1,,,789,22,,266.11,,E_4,23,0.95,,,,,
743_Bis_offspring_germination,Lampei,G_1,,,789,22,,266.11,,E_4,23,0.85,,,,,
743_Bis_offspring_germination,Lampei,G_1,,,789,22,,266.11,,E_4,23,0.692307692,,,,,
743_Bis_offspring_germination,Lampei,G_1,,,789,22,,266.11,,E_4,23,0.65,,,,,
743_Bis_offspring_germination,Lampei,G_1,,,789,22,,266.11,,E_4,23,0.9,,,,,
743_Bis_offspring_germination,Lampei,G_1,,,789,22,,266.11,,E_4,23,0.75,,,,,
743_Bis_offspring_germination,Lampei,G_1,,,789,22,,266.11,,E_4,23,0.8,,,,,
743_Bis_offspring_germination,Lampei,G_1,,,789,22,,266.11,,E_4,23,0.833333333,,,,,
743_Bis_offspring_germination,Lampei,G_1,,,789,22,,266.11,,E_4,23,0.9,,,,,
743_Bis_offspring_germination,Lampei,G_1,,,789,22,,266.11,,E_4,23,1,,,,,
743_Bis_offspring_germination,Lampei,G_1,,,789,22,,266.11,,E_4,23,0.9,,,,,
743_Bis_offspring_germination,Lampei,G_1,,,789,22,,266.11,,E_4,23,0.95,,,,,
743_Bis_offspring_germination,Lampei,G_1,,,789,22,,266.11,,E_4,23,0.95,,,,,
743_Bis_offspring_germination,Lampei,G_1,,,789,22,,266.11,,E_4,23,1,,,,,
743_Bis_offspring_germination,Lampei,G_1,,,789,22,,266.11,,E_4,23,0.65,,,,,
743_Bis_offspring_germination,Lampei,G_1,,,789,22,,266.11,,E_4,23,0.75,,,,,
743_Bis_offspring_germination,Lampei,G_1,,,789,22,,266.11,,E_4,23,0.85,,,,,
743_Bis_offspring_germination,Lampei,G_1,,,789,22,,266.11,,E_4,23,0.85,,,,,
743_Bis_offspring_germination,Lampei,G_1,,,789,22,,266.11,,E_4,23,0.928571429,,,,,
743_Bis_offspring_germination,Lampei,G_1,,,789,22,,266.11,,E_4,23,0.95,,,,,
743_Bis_offspring_germination,Lampei,G_1,,,789,22,,266.11,,E_4,23,1,,,,,
743_Bis_offspring_germination,Lampei,G_1,,,789,22,,257.04,,E_5,16,1,,,,,
743_Bis_offspring_germination,Lampei,G_1,,,789,22,,257.04,,E_5,16,0.9,,,,,
743_Bis_offspring_germination,Lampei,G_1,,,789,22,,257.04,,E_5,16,0.9,,,,,
743_Bis_offspring_germination,Lampei,G_1,,,789,22,,257.04,,E_5,16,0.95,,,,,
743_Bis_offspring_germination,Lampei,G_1,,,789,22,,257.04,,E_5,16,0.7,,,,,
743_Bis_offspring_germination,Lampei,G_1,,,789,22,,257.04,,E_5,16,0.8,,,,,
743_Bis_offspring_germination,Lampei,G_1,,,789,22,,257.04,,E_5,16,0.166666667,,,,,
743_Bis_offspring_germination,Lampei,G_1,,,789,22,,257.04,,E_5,16,0.875,,,,,
743_Bis_offspring_germination,Lampei,G_1,,,789,22,,257.04,,E_5,16,0.571428571,,,,,
743_Bis_offspring_germination,Lampei,G_1,,,789,22,,257.04,,E_5,16,0.5,,,,,
743_Bis_offspring_germination,Lampei,G_1,,,789,22,,257.04,,E_5,16,0.65,,,,,
743_Bis_offspring_germination,Lampei,G_1,,,789,22,,257.04,,E_5,16,0.75,,,,,
743_Bis_offspring_germination,Lampei,G_1,,,789,22,,257.04,,E_5,16,0.95,,,,,
743_Bis_offspring_germination,Lampei,G_1,,,789,22,,257.04,,E_5,16,0.9,,,,,
743_Bis_offspring_germination,Lampei,G_1,,,789,22,,257.04,,E_5,16,0.35,,,,,
743_Bis_offspring_germination,Lampei,G_1,,,789,22,,257.04,,E_5,16,0.8,,,,,
743_Bis_offspring_germination,Lampei,G_1,,,789,22,,171.54,,E_6,19,0.9,,,,,
743_Bis_offspring_germination,Lampei,G_1,,,789,22,,171.54,,E_6,19,1,,,,,
743_Bis_offspring_germination,Lampei,G_1,,,789,22,,171.54,,E_6,19,0.85,,,,,
743_Bis_offspring_germination,Lampei,G_1,,,789,22,,171.54,,E_6,19,0.85,,,,,
743_Bis_offspring_germination,Lampei,G_1,,,789,22,,171.54,,E_6,19,0.95,,,,,
743_Bis_offspring_germination,Lampei,G_1,,,789,22,,171.54,,E_6,19,0.9,,,,,
743_Bis_offspring_germination,Lampei,G_1,,,789,22,,171.54,,E_6,19,1,,,,,
743_Bis_offspring_germination,Lampei,G_1,,,789,22,,171.54,,E_6,19,0.8,,,,,
743_Bis_offspring_germination,Lampei,G_1,,,789,22,,171.54,,E_6,19,0.7,,,,,
743_Bis_offspring_germination,Lampei,G_1,,,789,22,,171.54,,E_6,19,0.85,,,,,
743_Bis_offspring_germination,Lampei,G_1,,,789,22,,171.54,,E_6,19,0.15,,,,,
743_Bis_offspring_germination,Lampei,G_1,,,789,22,,171.54,,E_6,19,0.65,,,,,
743_Bis_offspring_germination,Lampei,G_1,,,789,22,,171.54,,E_6,19,1,,,,,
743_Bis_offspring_germination,Lampei,G_1,,,789,22,,171.54,,E_6,19,1,,,,,
743_Bis_offspring_germination,Lampei,G_1,,,789,22,,171.54,,E_6,19,0.727272727,,,,,
743_Bis_offspring_germination,Lampei,G_1,,,789,22,,171.54,,E_6,19,0.636363636,,,,,
743_Bis_offspring_germination,Lampei,G_1,,,789,22,,171.54,,E_6,19,0.5625,,,,,
743_Bis_offspring_germination,Lampei,G_1,,,789,22,,171.54,,E_6,19,0.9,,,,,
743_Bis_offspring_germination,Lampei,G_1,,,789,22,,171.54,,E_6,19,0.95,,,,,
743_Bis_offspring_germination,Lampei,G_1,,,789,22,,101.84,,E_7,9,0.25,,,,,
743_Bis_offspring_germination,Lampei,G_1,,,789,22,,101.84,,E_7,9,0.583333333,,,,,
743_Bis_offspring_germination,Lampei,G_1,,,789,22,,101.84,,E_7,9,1,,,,,
743_Bis_offspring_germination,Lampei,G_1,,,789,22,,101.84,,E_7,9,0.947368421,,,,,
743_Bis_offspring_germination,Lampei,G_1,,,789,22,,101.84,,E_7,9,0.55,,,,,
743_Bis_offspring_germination,Lampei,G_1,,,789,22,,101.84,,E_7,9,1,,,,,
743_Bis_offspring_germination,Lampei,G_1,,,789,22,,101.84,,E_7,9,0.2,,,,,
743_Bis_offspring_germination,Lampei,G_1,,,789,22,,101.84,,E_7,9,0.6,,,,,
743_Bis_offspring_germination,Lampei,G_1,,,789,22,,101.84,,E_7,9,0.75,,,,,
743_Bis_offspring_germination,Lampei,G_1,,,789,22,,99.84,,E_8,11,0.65,,,,,
743_Bis_offspring_germination,Lampei,G_1,,,789,22,,99.84,,E_8,11,0.916666667,,,,,
743_Bis_offspring_germination,Lampei,G_1,,,789,22,,99.84,,E_8,11,0.75,,,,,
743_Bis_offspring_germination,Lampei,G_1,,,789,22,,99.84,,E_8,11,0.9,,,,,
743_Bis_offspring_germination,Lampei,G_1,,,789,22,,99.84,,E_8,11,0.9,,,,,
743_Bis_offspring_germination,Lampei,G_1,,,789,22,,99.84,,E_8,11,1,,,,,
743_Bis_offspring_germination,Lampei,G_1,,,789,22,,99.84,,E_8,11,0.8,,,,,
743_Bis_offspring_germination,Lampei,G_1,,,789,22,,99.84,,E_8,11,1,,,,,
743_Bis_offspring_germination,Lampei,G_1,,,789,22,,99.84,,E_8,11,0.8,,,,,
743_Bis_offspring_germination,Lampei,G_1,,,789,22,,99.84,,E_8,11,0.533333333,,,,,
743_Bis_offspring_germination,Lampei,G_1,,,789,22,,99.84,,E_8,11,0.5,,,,,
743_Bis_offspring_germination,Lampei,G_1,,,789,22,,80.97,,E_9,15,0.9,,,,,
743_Bis_offspring_germination,Lampei,G_1,,,789,22,,80.97,,E_9,15,0.8,,,,,
743_Bis_offspring_germination,Lampei,G_1,,,789,22,,80.97,,E_9,15,0.45,,,,,
743_Bis_offspring_germination,Lampei,G_1,,,789,22,,80.97,,E_9,15,0.7,,,,,
743_Bis_offspring_germination,Lampei,G_1,,,789,22,,80.97,,E_9,15,0.75,,,,,
743_Bis_offspring_germination,Lampei,G_1,,,789,22,,80.97,,E_9,15,0.7,,,,,
743_Bis_offspring_germination,Lampei,G_1,,,789,22,,80.97,,E_9,15,0.4,,,,,
743_Bis_offspring_germination,Lampei,G_1,,,789,22,,80.97,,E_9,15,0.2,,,,,
743_Bis_offspring_germination,Lampei,G_1,,,789,22,,80.97,,E_9,15,0.25,,,,,
743_Bis_offspring_germination,Lampei,G_1,,,789,22,,80.97,,E_9,15,0,,,,,
743_Bis_offspring_germination,Lampei,G_1,,,789,22,,80.97,,E_9,15,0.933333333,,,,,
743_Bis_offspring_germination,Lampei,G_1,,,789,22,,80.97,,E_9,15,0.6,,,,,
743_Bis_offspring_germination,Lampei,G_1,,,789,22,,80.97,,E_9,15,0.333333333,,,,,
743_Bis_offspring_germination,Lampei,G_1,,,789,22,,80.97,,E_9,15,0.857142857,,,,,
743_Bis_offspring_germination,Lampei,G_1,,,789,22,,80.97,,E_9,15,0.769230769,,,,,
743_Bis_offspring_germination,Lampei,G_1,,,789,22,,42.83,,E_10,5,1,,,,,
743_Bis_offspring_germination,Lampei,G_1,,,789,22,,42.83,,E_10,5,0.9,,,,,
743_Bis_offspring_germination,Lampei,G_1,,,789,22,,42.83,,E_10,5,0.142857143,,,,,
743_Bis_offspring_germination,Lampei,G_1,,,789,22,,42.83,,E_10,5,0.65,,,,,
743_Bis_offspring_germination,Lampei,G_1,,,789,22,,42.83,,E_10,5,0.85,,,,,
743_Bis_offspring_germination,Lampei,G_2,,,530,31,,857.25,,E_1,22,0.8,,,,,
743_Bis_offspring_germination,Lampei,G_2,,,530,31,,857.25,,E_1,22,0.5,,,,,
743_Bis_offspring_germination,Lampei,G_2,,,530,31,,857.25,,E_1,22,0.5,,,,,
743_Bis_offspring_germination,Lampei,G_2,,,530,31,,857.25,,E_1,22,0.75,,,,,
743_Bis_offspring_germination,Lampei,G_2,,,530,31,,857.25,,E_1,22,0.55,,,,,
743_Bis_offspring_germination,Lampei,G_2,,,530,31,,857.25,,E_1,22,0.3,,,,,
743_Bis_offspring_germination,Lampei,G_2,,,530,31,,857.25,,E_1,22,0.25,,,,,
743_Bis_offspring_germination,Lampei,G_2,,,530,31,,857.25,,E_1,22,0.05,,,,,
743_Bis_offspring_germination,Lampei,G_2,,,530,31,,857.25,,E_1,22,0.8,,,,,
743_Bis_offspring_germination,Lampei,G_2,,,530,31,,857.25,,E_1,22,0.8,,,,,
743_Bis_offspring_germination,Lampei,G_2,,,530,31,,857.25,,E_1,22,0.25,,,,,
743_Bis_offspring_germination,Lampei,G_2,,,530,31,,857.25,,E_1,22,0.3,,,,,
743_Bis_offspring_germination,Lampei,G_2,,,530,31,,857.25,,E_1,22,0.5,,,,,
743_Bis_offspring_germination,Lampei,G_2,,,530,31,,857.25,,E_1,22,1,,,,,
743_Bis_offspring_germination,Lampei,G_2,,,530,31,,857.25,,E_1,22,0.95,,,,,
743_Bis_offspring_germination,Lampei,G_2,,,530,31,,857.25,,E_1,22,0.3,,,,,
743_Bis_offspring_germination,Lampei,G_2,,,530,31,,857.25,,E_1,22,0,,,,,
743_Bis_offspring_germination,Lampei,G_2,,,530,31,,857.25,,E_1,22,0.2,,,,,
743_Bis_offspring_germination,Lampei,G_2,,,530,31,,857.25,,E_1,22,0.15,,,,,
743_Bis_offspring_germination,Lampei,G_2,,,530,31,,857.25,,E_1,22,0.642857143,,,,,
743_Bis_offspring_germination,Lampei,G_2,,,530,31,,857.25,,E_1,22,0.571428571,,,,,
743_Bis_offspring_germination,Lampei,G_2,,,530,31,,857.25,,E_1,22,0.857142857,,,,,
743_Bis_offspring_germination,Lampei,G_2,,,530,31,,471.94,,E_2,26,1,,,,,
743_Bis_offspring_germination,Lampei,G_2,,,530,31,,471.94,,E_2,26,0.8,,,,,
743_Bis_offspring_germination,Lampei,G_2,,,530,31,,471.94,,E_2,26,0.55,,,,,
743_Bis_offspring_germination,Lampei,G_2,,,530,31,,471.94,,E_2,26,0.8,,,,,
743_Bis_offspring_germination,Lampei,G_2,,,530,31,,471.94,,E_2,26,0.7,,,,,
743_Bis_offspring_germination,Lampei,G_2,,,530,31,,471.94,,E_2,26,0.85,,,,,
743_Bis_offspring_germination,Lampei,G_2,,,530,31,,471.94,,E_2,26,0.85,,,,,
743_Bis_offspring_germination,Lampei,G_2,,,530,31,,471.94,,E_2,26,0.5,,,,,
743_Bis_offspring_germination,Lampei,G_2,,,530,31,,471.94,,E_2,26,0.85,,,,,
743_Bis_offspring_germination,Lampei,G_2,,,530,31,,471.94,,E_2,26,0.75,,,,,
743_Bis_offspring_germination,Lampei,G_2,,,530,31,,471.94,,E_2,26,0.4,,,,,
743_Bis_offspring_germination,Lampei,G_2,,,530,31,,471.94,,E_2,26,0.45,,,,,
743_Bis_offspring_germination,Lampei,G_2,,,530,31,,471.94,,E_2,26,0.55,,,,,
743_Bis_offspring_germination,Lampei,G_2,,,530,31,,471.94,,E_2,26,0.65,,,,,
743_Bis_offspring_germination,Lampei,G_2,,,530,31,,471.94,,E_2,26,0.55,,,,,
743_Bis_offspring_germination,Lampei,G_2,,,530,31,,471.94,,E_2,26,0.85,,,,,
743_Bis_offspring_germination,Lampei,G_2,,,530,31,,471.94,,E_2,26,0.45,,,,,
743_Bis_offspring_germination,Lampei,G_2,,,530,31,,471.94,,E_2,26,0.7,,,,,
743_Bis_offspring_germination,Lampei,G_2,,,530,31,,471.94,,E_2,26,0.4,,,,,
743_Bis_offspring_germination,Lampei,G_2,,,530,31,,471.94,,E_2,26,0.65,,,,,
743_Bis_offspring_germination,Lampei,G_2,,,530,31,,471.94,,E_2,26,0.4,,,,,
743_Bis_offspring_germination,Lampei,G_2,,,530,31,,471.94,,E_2,26,0.75,,,,,
743_Bis_offspring_germination,Lampei,G_2,,,530,31,,471.94,,E_2,26,0.363636364,,,,,
743_Bis_offspring_germination,Lampei,G_2,,,530,31,,471.94,,E_2,26,0.875,,,,,
743_Bis_offspring_germination,Lampei,G_2,,,530,31,,471.94,,E_2,26,0.25,,,,,
743_Bis_offspring_germination,Lampei,G_2,,,530,31,,471.94,,E_2,26,0.3,,,,,
743_Bis_offspring_germination,Lampei,G_2,,,530,31,,443.88,,E_3,22,0.45,,,,,
743_Bis_offspring_germination,Lampei,G_2,,,530,31,,443.88,,E_3,22,0.6,,,,,
743_Bis_offspring_germination,Lampei,G_2,,,530,31,,443.88,,E_3,22,0.6,,,,,
743_Bis_offspring_germination,Lampei,G_2,,,530,31,,443.88,,E_3,22,0.7,,,,,
743_Bis_offspring_germination,Lampei,G_2,,,530,31,,443.88,,E_3,22,0.45,,,,,
743_Bis_offspring_germination,Lampei,G_2,,,530,31,,443.88,,E_3,22,0.5,,,,,
743_Bis_offspring_germination,Lampei,G_2,,,530,31,,443.88,,E_3,22,1,,,,,
743_Bis_offspring_germination,Lampei,G_2,,,530,31,,443.88,,E_3,22,0.8,,,,,
743_Bis_offspring_germination,Lampei,G_2,,,530,31,,443.88,,E_3,22,0.5,,,,,
743_Bis_offspring_germination,Lampei,G_2,,,530,31,,443.88,,E_3,22,0.6,,,,,
743_Bis_offspring_germination,Lampei,G_2,,,530,31,,443.88,,E_3,22,0,,,,,
743_Bis_offspring_germination,Lampei,G_2,,,530,31,,443.88,,E_3,22,0,,,,,
743_Bis_offspring_germination,Lampei,G_2,,,530,31,,443.88,,E_3,22,0.85,,,,,
743_Bis_offspring_germination,Lampei,G_2,,,530,31,,443.88,,E_3,22,0.45,,,,,
743_Bis_offspring_germination,Lampei,G_2,,,530,31,,443.88,,E_3,22,0.95,,,,,
743_Bis_offspring_germination,Lampei,G_2,,,530,31,,443.88,,E_3,22,0.9,,,,,
743_Bis_offspring_germination,Lampei,G_2,,,530,31,,443.88,,E_3,22,1,,,,,
743_Bis_offspring_germination,Lampei,G_2,,,530,31,,443.88,,E_3,22,0.85,,,,,
743_Bis_offspring_germination,Lampei,G_2,,,530,31,,443.88,,E_3,22,0.7,,,,,
743_Bis_offspring_germination,Lampei,G_2,,,530,31,,443.88,,E_3,22,0.75,,,,,
743_Bis_offspring_germination,Lampei,G_2,,,530,31,,443.88,,E_3,22,0.95,,,,,
743_Bis_offspring_germination,Lampei,G_2,,,530,31,,443.88,,E_3,22,0.6,,,,,
743_Bis_offspring_germination,Lampei,G_2,,,530,31,,266.11,,E_4,30,0.6,,,,,
743_Bis_offspring_germination,Lampei,G_2,,,530,31,,266.11,,E_4,30,0.85,,,,,
743_Bis_offspring_germination,Lampei,G_2,,,530,31,,266.11,,E_4,30,0.9,,,,,
743_Bis_offspring_germination,Lampei,G_2,,,530,31,,266.11,,E_4,30,0.8,,,,,
743_Bis_offspring_germination,Lampei,G_2,,,530,31,,266.11,,E_4,30,0.45,,,,,
743_Bis_offspring_germination,Lampei,G_2,,,530,31,,266.11,,E_4,30,0.3,,,,,
743_Bis_offspring_germination,Lampei,G_2,,,530,31,,266.11,,E_4,30,0.2,,,,,
743_Bis_offspring_germination,Lampei,G_2,,,530,31,,266.11,,E_4,30,0.35,,,,,
743_Bis_offspring_germination,Lampei,G_2,,,530,31,,266.11,,E_4,30,0.75,,,,,
743_Bis_offspring_germination,Lampei,G_2,,,530,31,,266.11,,E_4,30,0.5,,,,,
743_Bis_offspring_germination,Lampei,G_2,,,530,31,,266.11,,E_4,30,1,,,,,
743_Bis_offspring_germination,Lampei,G_2,,,530,31,,266.11,,E_4,30,0.8,,,,,
743_Bis_offspring_germination,Lampei,G_2,,,530,31,,266.11,,E_4,30,0.95,,,,,
743_Bis_offspring_germination,Lampei,G_2,,,530,31,,266.11,,E_4,30,1,,,,,
743_Bis_offspring_germination,Lampei,G_2,,,530,31,,266.11,,E_4,30,0.8,,,,,
743_Bis_offspring_germination,Lampei,G_2,,,530,31,,266.11,,E_4,30,0.9,,,,,
743_Bis_offspring_germination,Lampei,G_2,,,530,31,,266.11,,E_4,30,0.95,,,,,
743_Bis_offspring_germination,Lampei,G_2,,,530,31,,266.11,,E_4,30,0.5,,,,,
743_Bis_offspring_germination,Lampei,G_2,,,530,31,,266.11,,E_4,30,1,,,,,
743_Bis_offspring_germination,Lampei,G_2,,,530,31,,266.11,,E_4,30,0.85,,,,,
743_Bis_offspring_germination,Lampei,G_2,,,530,31,,266.11,,E_4,30,0.3,,,,,
743_Bis_offspring_germination,Lampei,G_2,,,530,31,,266.11,,E_4,30,0.25,,,,,
743_Bis_offspring_germination,Lampei,G_2,,,530,31,,266.11,,E_4,30,0.7,,,,,
743_Bis_offspring_germination,Lampei,G_2,,,530,31,,266.11,,E_4,30,1,,,,,
743_Bis_offspring_germination,Lampei,G_2,,,530,31,,266.11,,E_4,30,0.55,,,,,
743_Bis_offspring_germination,Lampei,G_2,,,530,31,,266.11,,E_4,30,0.85,,,,,
743_Bis_offspring_germination,Lampei,G_2,,,530,31,,266.11,,E_4,30,0.65,,,,,
743_Bis_offspring_germination,Lampei,G_2,,,530,31,,266.11,,E_4,30,0.75,,,,,
743_Bis_offspring_germination,Lampei,G_2,,,530,31,,266.11,,E_4,30,0.5,,,,,
743_Bis_offspring_germination,Lampei,G_2,,,530,31,,266.11,,E_4,30,0.6,,,,,
743_Bis_offspring_germination,Lampei,G_2,,,530,31,,257.04,,E_5,25,0.3,,,,,
743_Bis_offspring_germination,Lampei,G_2,,,530,31,,257.04,,E_5,25,0.65,,,,,
743_Bis_offspring_germination,Lampei,G_2,,,530,31,,257.04,,E_5,25,0.9,,,,,
743_Bis_offspring_germination,Lampei,G_2,,,530,31,,257.04,,E_5,25,0.85,,,,,
743_Bis_offspring_germination,Lampei,G_2,,,530,31,,257.04,,E_5,25,0.9,,,,,
743_Bis_offspring_germination,Lampei,G_2,,,530,31,,257.04,,E_5,25,0.7,,,,,
743_Bis_offspring_germination,Lampei,G_2,,,530,31,,257.04,,E_5,25,0.6,,,,,
743_Bis_offspring_germination,Lampei,G_2,,,530,31,,257.04,,E_5,25,0.6,,,,,
743_Bis_offspring_germination,Lampei,G_2,,,530,31,,257.04,,E_5,25,0.95,,,,,
743_Bis_offspring_germination,Lampei,G_2,,,530,31,,257.04,,E_5,25,1,,,,,
743_Bis_offspring_germination,Lampei,G_2,,,530,31,,257.04,,E_5,25,0.75,,,,,
743_Bis_offspring_germination,Lampei,G_2,,,530,31,,257.04,,E_5,25,1,,,,,
743_Bis_offspring_germination,Lampei,G_2,,,530,31,,257.04,,E_5,25,1,,,,,
743_Bis_offspring_germination,Lampei,G_2,,,530,31,,257.04,,E_5,25,0.95,,,,,
743_Bis_offspring_germination,Lampei,G_2,,,530,31,,257.04,,E_5,25,0.9,,,,,
743_Bis_offspring_germination,Lampei,G_2,,,530,31,,257.04,,E_5,25,0.85,,,,,
743_Bis_offspring_germination,Lampei,G_2,,,530,31,,257.04,,E_5,25,0.6,,,,,
743_Bis_offspring_germination,Lampei,G_2,,,530,31,,257.04,,E_5,25,0.85,,,,,
743_Bis_offspring_germination,Lampei,G_2,,,530,31,,257.04,,E_5,25,0.75,,,,,
743_Bis_offspring_germination,Lampei,G_2,,,530,31,,257.04,,E_5,25,0.55,,,,,
743_Bis_offspring_germination,Lampei,G_2,,,530,31,,257.04,,E_5,25,0.85,,,,,
743_Bis_offspring_germination,Lampei,G_2,,,530,31,,257.04,,E_5,25,0.6,,,,,
743_Bis_offspring_germination,Lampei,G_2,,,530,31,,257.04,,E_5,25,0.85,,,,,
743_Bis_offspring_germination,Lampei,G_2,,,530,31,,257.04,,E_5,25,0.55,,,,,
743_Bis_offspring_germination,Lampei,G_2,,,530,31,,257.04,,E_5,25,0.35,,,,,
743_Bis_offspring_germination,Lampei,G_2,,,530,31,,171.54,,E_6,25,0.85,,,,,
743_Bis_offspring_germination,Lampei,G_2,,,530,31,,171.54,,E_6,25,0.8,,,,,
743_Bis_offspring_germination,Lampei,G_2,,,530,31,,171.54,,E_6,25,0.95,,,,,
743_Bis_offspring_germination,Lampei,G_2,,,530,31,,171.54,,E_6,25,0.8,,,,,
743_Bis_offspring_germination,Lampei,G_2,,,530,31,,171.54,,E_6,25,1,,,,,
743_Bis_offspring_germination,Lampei,G_2,,,530,31,,171.54,,E_6,25,1,,,,,
743_Bis_offspring_germination,Lampei,G_2,,,530,31,,171.54,,E_6,25,0.2,,,,,
743_Bis_offspring_germination,Lampei,G_2,,,530,31,,171.54,,E_6,25,0.333333333,,,,,
743_Bis_offspring_germination,Lampei,G_2,,,530,31,,171.54,,E_6,25,0.4,,,,,
743_Bis_offspring_germination,Lampei,G_2,,,530,31,,171.54,,E_6,25,0.5,,,,,
743_Bis_offspring_germination,Lampei,G_2,,,530,31,,171.54,,E_6,25,0.7,,,,,
743_Bis_offspring_germination,Lampei,G_2,,,530,31,,171.54,,E_6,25,1,,,,,
743_Bis_offspring_germination,Lampei,G_2,,,530,31,,171.54,,E_6,25,0.9,,,,,
743_Bis_offspring_germination,Lampei,G_2,,,530,31,,171.54,,E_6,25,0.8,,,,,
743_Bis_offspring_germination,Lampei,G_2,,,530,31,,171.54,,E_6,25,0.85,,,,,
743_Bis_offspring_germination,Lampei,G_2,,,530,31,,171.54,,E_6,25,0.8,,,,,
743_Bis_offspring_germination,Lampei,G_2,,,530,31,,171.54,,E_6,25,0.9,,,,,
743_Bis_offspring_germination,Lampei,G_2,,,530,31,,171.54,,E_6,25,0.75,,,,,
743_Bis_offspring_germination,Lampei,G_2,,,530,31,,171.54,,E_6,25,0.75,,,,,
743_Bis_offspring_germination,Lampei,G_2,,,530,31,,171.54,,E_6,25,0.8,,,,,
743_Bis_offspring_germination,Lampei,G_2,,,530,31,,171.54,,E_6,25,0.692307692,,,,,
743_Bis_offspring_germination,Lampei,G_2,,,530,31,,171.54,,E_6,25,0.846153846,,,,,
743_Bis_offspring_germination,Lampei,G_2,,,530,31,,171.54,,E_6,25,1,,,,,
743_Bis_offspring_germination,Lampei,G_2,,,530,31,,171.54,,E_6,25,1,,,,,
743_Bis_offspring_germination,Lampei,G_2,,,530,31,,171.54,,E_6,25,0.75,,,,,
743_Bis_offspring_germination,Lampei,G_2,,,530,31,,101.84,,E_7,17,0.85,,,,,
743_Bis_offspring_germination,Lampei,G_2,,,530,31,,101.84,,E_7,17,1,,,,,
743_Bis_offspring_germination,Lampei,G_2,,,530,31,,101.84,,E_7,17,0.5,,,,,
743_Bis_offspring_germination,Lampei,G_2,,,530,31,,101.84,,E_7,17,1,,,,,
743_Bis_offspring_germination,Lampei,G_2,,,530,31,,101.84,,E_7,17,1,,,,,
743_Bis_offspring_germination,Lampei,G_2,,,530,31,,101.84,,E_7,17,0.75,,,,,
743_Bis_offspring_germination,Lampei,G_2,,,530,31,,101.84,,E_7,17,0.85,,,,,
743_Bis_offspring_germination,Lampei,G_2,,,530,31,,101.84,,E_7,17,0.722222222,,,,,
743_Bis_offspring_germination,Lampei,G_2,,,530,31,,101.84,,E_7,17,0.944444444,,,,,
743_Bis_offspring_germination,Lampei,G_2,,,530,31,,101.84,,E_7,17,0.7,,,,,
743_Bis_offspring_germination,Lampei,G_2,,,530,31,,101.84,,E_7,17,0.9,,,,,
743_Bis_offspring_germination,Lampei,G_2,,,530,31,,101.84,,E_7,17,0.1,,,,,
743_Bis_offspring_germination,Lampei,G_2,,,530,31,,101.84,,E_7,17,0.05,,,,,
743_Bis_offspring_germination,Lampei,G_2,,,530,31,,101.84,,E_7,17,0.75,,,,,
743_Bis_offspring_germination,Lampei,G_2,,,530,31,,101.84,,E_7,17,0.7,,,,,
743_Bis_offspring_germination,Lampei,G_2,,,530,31,,101.84,,E_7,17,0.85,,,,,
743_Bis_offspring_germination,Lampei,G_2,,,530,31,,101.84,,E_7,17,0.95,,,,,
743_Bis_offspring_germination,Lampei,G_2,,,530,31,,99.84,,E_8,20,0.4,,,,,
743_Bis_offspring_germination,Lampei,G_2,,,530,31,,99.84,,E_8,20,0.2,,,,,
743_Bis_offspring_germination,Lampei,G_2,,,530,31,,99.84,,E_8,20,0.75,,,,,
743_Bis_offspring_germination,Lampei,G_2,,,530,31,,99.84,,E_8,20,0.55,,,,,
743_Bis_offspring_germination,Lampei,G_2,,,530,31,,99.84,,E_8,20,0.9,,,,,
743_Bis_offspring_germination,Lampei,G_2,,,530,31,,99.84,,E_8,20,0.85,,,,,
743_Bis_offspring_germination,Lampei,G_2,,,530,31,,99.84,,E_8,20,0,,,,,
743_Bis_offspring_germination,Lampei,G_2,,,530,31,,99.84,,E_8,20,0.55,,,,,
743_Bis_offspring_germination,Lampei,G_2,,,530,31,,99.84,,E_8,20,0.7,,,,,
743_Bis_offspring_germination,Lampei,G_2,,,530,31,,99.84,,E_8,20,0.95,,,,,
743_Bis_offspring_germination,Lampei,G_2,,,530,31,,99.84,,E_8,20,0.9,,,,,
743_Bis_offspring_germination,Lampei,G_2,,,530,31,,99.84,,E_8,20,0.9,,,,,
743_Bis_offspring_germination,Lampei,G_2,,,530,31,,99.84,,E_8,20,1,,,,,
743_Bis_offspring_germination,Lampei,G_2,,,530,31,,99.84,,E_8,20,0.75,,,,,
743_Bis_offspring_germination,Lampei,G_2,,,530,31,,99.84,,E_8,20,0.95,,,,,
743_Bis_offspring_germination,Lampei,G_2,,,530,31,,99.84,,E_8,20,0.6,,,,,
743_Bis_offspring_germination,Lampei,G_2,,,530,31,,99.84,,E_8,20,0.7,,,,,
743_Bis_offspring_germination,Lampei,G_2,,,530,31,,99.84,,E_8,20,1,,,,,
743_Bis_offspring_germination,Lampei,G_2,,,530,31,,99.84,,E_8,20,0.75,,,,,
743_Bis_offspring_germination,Lampei,G_2,,,530,31,,99.84,,E_8,20,0.8,,,,,
743_Bis_offspring_germination,Lampei,G_2,,,530,31,,80.97,,E_9,22,1,,,,,
743_Bis_offspring_germination,Lampei,G_2,,,530,31,,80.97,,E_9,22,0.95,,,,,
743_Bis_offspring_germination,Lampei,G_2,,,530,31,,80.97,,E_9,22,0.8125,,,,,
743_Bis_offspring_germination,Lampei,G_2,,,530,31,,80.97,,E_9,22,0.9,,,,,
743_Bis_offspring_germination,Lampei,G_2,,,530,31,,80.97,,E_9,22,1,,,,,
743_Bis_offspring_germination,Lampei,G_2,,,530,31,,80.97,,E_9,22,0.85,,,,,
743_Bis_offspring_germination,Lampei,G_2,,,530,31,,80.97,,E_9,22,0.9,,,,,
743_Bis_offspring_germination,Lampei,G_2,,,530,31,,80.97,,E_9,22,0.8,,,,,
743_Bis_offspring_germination,Lampei,G_2,,,530,31,,80.97,,E_9,22,0.95,,,,,
743_Bis_offspring_germination,Lampei,G_2,,,530,31,,80.97,,E_9,22,0.8,,,,,
743_Bis_offspring_germination,Lampei,G_2,,,530,31,,80.97,,E_9,22,0.95,,,,,
743_Bis_offspring_germination,Lampei,G_2,,,530,31,,80.97,,E_9,22,0.8,,,,,
743_Bis_offspring_germination,Lampei,G_2,,,530,31,,80.97,,E_9,22,0.6,,,,,
743_Bis_offspring_germination,Lampei,G_2,,,530,31,,80.97,,E_9,22,0.3,,,,,
743_Bis_offspring_germination,Lampei,G_2,,,530,31,,80.97,,E_9,22,0.6,,,,,
743_Bis_offspring_germination,Lampei,G_2,,,530,31,,80.97,,E_9,22,0.473684211,,,,,
743_Bis_offspring_germination,Lampei,G_2,,,530,31,,80.97,,E_9,22,0.95,,,,,
743_Bis_offspring_germination,Lampei,G_2,,,530,31,,80.97,,E_9,22,1,,,,,
743_Bis_offspring_germination,Lampei,G_2,,,530,31,,80.97,,E_9,22,0.545454545,,,,,
743_Bis_offspring_germination,Lampei,G_2,,,530,31,,80.97,,E_9,22,0.95,,,,,
743_Bis_offspring_germination,Lampei,G_2,,,530,31,,80.97,,E_9,22,0.9,,,,,
743_Bis_offspring_germination,Lampei,G_2,,,530,31,,80.97,,E_9,22,0.588235294,,,,,
743_Bis_offspring_germination,Lampei,G_2,,,530,31,,42.83,,E_10,3,0.555555556,,,,,
743_Bis_offspring_germination,Lampei,G_2,,,530,31,,42.83,,E_10,3,0.7,,,,,
743_Bis_offspring_germination,Lampei,G_2,,,530,31,,42.83,,E_10,3,0.85,,,,,
743_Bis_offspring_germination,Lampei,G_3,,,300,38,,857.25,,E_1,23,0.3,,,,,
743_Bis_offspring_germination,Lampei,G_3,,,300,38,,857.25,,E_1,23,0.35,,,,,
743_Bis_offspring_germination,Lampei,G_3,,,300,38,,857.25,,E_1,23,0.5,,,,,
743_Bis_offspring_germination,Lampei,G_3,,,300,38,,857.25,,E_1,23,0.75,,,,,
743_Bis_offspring_germination,Lampei,G_3,,,300,38,,857.25,,E_1,23,0.35,,,,,
743_Bis_offspring_germination,Lampei,G_3,,,300,38,,857.25,,E_1,23,0.6,,,,,
743_Bis_offspring_germination,Lampei,G_3,,,300,38,,857.25,,E_1,23,0.461538462,,,,,
743_Bis_offspring_germination,Lampei,G_3,,,300,38,,857.25,,E_1,23,0.4,,,,,
743_Bis_offspring_germination,Lampei,G_3,,,300,38,,857.25,,E_1,23,0,,,,,
743_Bis_offspring_germination,Lampei,G_3,,,300,38,,857.25,,E_1,23,0.4,,,,,
743_Bis_offspring_germination,Lampei,G_3,,,300,38,,857.25,,E_1,23,0.3,,,,,
743_Bis_offspring_germination,Lampei,G_3,,,300,38,,857.25,,E_1,23,0.4,,,,,
743_Bis_offspring_germination,Lampei,G_3,,,300,38,,857.25,,E_1,23,0.2,,,,,
743_Bis_offspring_germination,Lampei,G_3,,,300,38,,857.25,,E_1,23,0.375,,,,,
743_Bis_offspring_germination,Lampei,G_3,,,300,38,,857.25,,E_1,23,0.5,,,,,
743_Bis_offspring_germination,Lampei,G_3,,,300,38,,857.25,,E_1,23,0.75,,,,,
743_Bis_offspring_germination,Lampei,G_3,,,300,38,,857.25,,E_1,23,0.166666667,,,,,
743_Bis_offspring_germination,Lampei,G_3,,,300,38,,857.25,,E_1,23,0.083333333,,,,,
743_Bis_offspring_germination,Lampei,G_3,,,300,38,,857.25,,E_1,23,0,,,,,
743_Bis_offspring_germination,Lampei,G_3,,,300,38,,857.25,,E_1,23,0.083333333,,,,,
743_Bis_offspring_germination,Lampei,G_3,,,300,38,,857.25,,E_1,23,0,,,,,
743_Bis_offspring_germination,Lampei,G_3,,,300,38,,857.25,,E_1,23,0.9,,,,,
743_Bis_offspring_germination,Lampei,G_3,,,300,38,,857.25,,E_1,23,1,,,,,
743_Bis_offspring_germination,Lampei,G_3,,,300,38,,471.94,,E_2,22,0.85,,,,,
743_Bis_offspring_germination,Lampei,G_3,,,300,38,,471.94,,E_2,22,0.85,,,,,
743_Bis_offspring_germination,Lampei,G_3,,,300,38,,471.94,,E_2,22,0.75,,,,,
743_Bis_offspring_germination,Lampei,G_3,,,300,38,,471.94,,E_2,22,0.4,,,,,
743_Bis_offspring_germination,Lampei,G_3,,,300,38,,471.94,,E_2,22,0.35,,,,,
743_Bis_offspring_germination,Lampei,G_3,,,300,38,,471.94,,E_2,22,0.6,,,,,
743_Bis_offspring_germination,Lampei,G_3,,,300,38,,471.94,,E_2,22,0.1,,,,,
743_Bis_offspring_germination,Lampei,G_3,,,300,38,,471.94,,E_2,22,0.15,,,,,
743_Bis_offspring_germination,Lampei,G_3,,,300,38,,471.94,,E_2,22,0.4,,,,,
743_Bis_offspring_germination,Lampei,G_3,,,300,38,,471.94,,E_2,22,0.45,,,,,
743_Bis_offspring_germination,Lampei,G_3,,,300,38,,471.94,,E_2,22,0.4,,,,,
743_Bis_offspring_germination,Lampei,G_3,,,300,38,,471.94,,E_2,22,0.45,,,,,
743_Bis_offspring_germination,Lampei,G_3,,,300,38,,471.94,,E_2,22,0.55,,,,,
743_Bis_offspring_germination,Lampei,G_3,,,300,38,,471.94,,E_2,22,0.315789474,,,,,
743_Bis_offspring_germination,Lampei,G_3,,,300,38,,471.94,,E_2,22,0.125,,,,,
743_Bis_offspring_germination,Lampei,G_3,,,300,38,,471.94,,E_2,22,0.35,,,,,
743_Bis_offspring_germination,Lampei,G_3,,,300,38,,471.94,,E_2,22,0.7,,,,,
743_Bis_offspring_germination,Lampei,G_3,,,300,38,,471.94,,E_2,22,0,,,,,
743_Bis_offspring_germination,Lampei,G_3,,,300,38,,471.94,,E_2,22,0.75,,,,,
743_Bis_offspring_germination,Lampei,G_3,,,300,38,,471.94,,E_2,22,0.7,,,,,
743_Bis_offspring_germination,Lampei,G_3,,,300,38,,471.94,,E_2,22,0.5,,,,,
743_Bis_offspring_germination,Lampei,G_3,,,300,38,,471.94,,E_2,22,0.6,,,,,
743_Bis_offspring_germination,Lampei,G_3,,,300,38,,443.88,,E_3,30,0,,,,,
743_Bis_offspring_germination,Lampei,G_3,,,300,38,,443.88,,E_3,30,0,,,,,
743_Bis_offspring_germination,Lampei,G_3,,,300,38,,443.88,,E_3,30,0,,,,,
743_Bis_offspring_germination,Lampei,G_3,,,300,38,,443.88,,E_3,30,0,,,,,
743_Bis_offspring_germination,Lampei,G_3,,,300,38,,443.88,,E_3,30,0.272727273,,,,,
743_Bis_offspring_germination,Lampei,G_3,,,300,38,,443.88,,E_3,30,0.363636364,,,,,
743_Bis_offspring_germination,Lampei,G_3,,,300,38,,443.88,,E_3,30,0.7,,,,,
743_Bis_offspring_germination,Lampei,G_3,,,300,38,,443.88,,E_3,30,1,,,,,
743_Bis_offspring_germination,Lampei,G_3,,,300,38,,443.88,,E_3,30,0.058823529,,,,,
743_Bis_offspring_germination,Lampei,G_3,,,300,38,,443.88,,E_3,30,0.090909091,,,,,
743_Bis_offspring_germination,Lampei,G_3,,,300,38,,443.88,,E_3,30,0.421052632,,,,,
743_Bis_offspring_germination,Lampei,G_3,,,300,38,,443.88,,E_3,30,0.466666667,,,,,
743_Bis_offspring_germination,Lampei,G_3,,,300,38,,443.88,,E_3,30,0,,,,,
743_Bis_offspring_germination,Lampei,G_3,,,300,38,,443.88,,E_3,30,0.2,,,,,
743_Bis_offspring_germination,Lampei,G_3,,,300,38,,443.88,,E_3,30,0.45,,,,,
743_Bis_offspring_germination,Lampei,G_3,,,300,38,,443.88,,E_3,30,0.55,,,,,
743_Bis_offspring_germination,Lampei,G_3,,,300,38,,443.88,,E_3,30,0.45,,,,,
743_Bis_offspring_germination,Lampei,G_3,,,300,38,,443.88,,E_3,30,0.7,,,,,
743_Bis_offspring_germination,Lampei,G_3,,,300,38,,443.88,,E_3,30,0.55,,,,,
743_Bis_offspring_germination,Lampei,G_3,,,300,38,,443.88,,E_3,30,0.8,,,,,
743_Bis_offspring_germination,Lampei,G_3,,,300,38,,443.88,,E_3,30,0.55,,,,,
743_Bis_offspring_germination,Lampei,G_3,,,300,38,,443.88,,E_3,30,0.5,,,,,
743_Bis_offspring_germination,Lampei,G_3,,,300,38,,443.88,,E_3,30,0.65,,,,,
743_Bis_offspring_germination,Lampei,G_3,,,300,38,,443.88,,E_3,30,0.45,,,,,
743_Bis_offspring_germination,Lampei,G_3,,,300,38,,443.88,,E_3,30,0.3,,,,,
743_Bis_offspring_germination,Lampei,G_3,,,300,38,,443.88,,E_3,30,0.2,,,,,
743_Bis_offspring_germination,Lampei,G_3,,,300,38,,443.88,,E_3,30,0.1875,,,,,
743_Bis_offspring_germination,Lampei,G_3,,,300,38,,443.88,,E_3,30,0.166666667,,,,,
743_Bis_offspring_germination,Lampei,G_3,,,300,38,,443.88,,E_3,30,0.6,,,,,
743_Bis_offspring_germination,Lampei,G_3,,,300,38,,443.88,,E_3,30,0.9,,,,,
743_Bis_offspring_germination,Lampei,G_3,,,300,38,,266.11,,E_4,26,0.6,,,,,
743_Bis_offspring_germination,Lampei,G_3,,,300,38,,266.11,,E_4,26,0.7,,,,,
743_Bis_offspring_germination,Lampei,G_3,,,300,38,,266.11,,E_4,26,0,,,,,
743_Bis_offspring_germination,Lampei,G_3,,,300,38,,266.11,,E_4,26,0.1,,,,,
743_Bis_offspring_germination,Lampei,G_3,,,300,38,,266.11,,E_4,26,0.65,,,,,
743_Bis_offspring_germination,Lampei,G_3,,,300,38,,266.11,,E_4,26,0.35,,,,,
743_Bis_offspring_germination,Lampei,G_3,,,300,38,,266.11,,E_4,26,0.35,,,,,
743_Bis_offspring_germination,Lampei,G_3,,,300,38,,266.11,,E_4,26,0.9,,,,,
743_Bis_offspring_germination,Lampei,G_3,,,300,38,,266.11,,E_4,26,0.9,,,,,
743_Bis_offspring_germination,Lampei,G_3,,,300,38,,266.11,,E_4,26,0.75,,,,,
743_Bis_offspring_germination,Lampei,G_3,,,300,38,,266.11,,E_4,26,0.2,,,,,
743_Bis_offspring_germination,Lampei,G_3,,,300,38,,266.11,,E_4,26,0.4,,,,,
743_Bis_offspring_germination,Lampei,G_3,,,300,38,,266.11,,E_4,26,0.7,,,,,
743_Bis_offspring_germination,Lampei,G_3,,,300,38,,266.11,,E_4,26,0.9,,,,,
743_Bis_offspring_germination,Lampei,G_3,,,300,38,,266.11,,E_4,26,0.75,,,,,
743_Bis_offspring_germination,Lampei,G_3,,,300,38,,266.11,,E_4,26,0.65,,,,,
743_Bis_offspring_germination,Lampei,G_3,,,300,38,,266.11,,E_4,26,0.75,,,,,
743_Bis_offspring_germination,Lampei,G_3,,,300,38,,266.11,,E_4,26,0.833333333,,,,,
743_Bis_offspring_germination,Lampei,G_3,,,300,38,,266.11,,E_4,26,0.65,,,,,
743_Bis_offspring_germination,Lampei,G_3,,,300,38,,266.11,,E_4,26,0.6,,,,,
743_Bis_offspring_germination,Lampei,G_3,,,300,38,,266.11,,E_4,26,0.05,,,,,
743_Bis_offspring_germination,Lampei,G_3,,,300,38,,266.11,,E_4,26,0.8,,,,,
743_Bis_offspring_germination,Lampei,G_3,,,300,38,,266.11,,E_4,26,0.05,,,,,
743_Bis_offspring_germination,Lampei,G_3,,,300,38,,266.11,,E_4,26,0.15,,,,,
743_Bis_offspring_germination,Lampei,G_3,,,300,38,,266.11,,E_4,26,0.4,,,,,
743_Bis_offspring_germination,Lampei,G_3,,,300,38,,266.11,,E_4,26,0.4,,,,,
743_Bis_offspring_germination,Lampei,G_3,,,300,38,,257.04,,E_5,30,0.6,,,,,
743_Bis_offspring_germination,Lampei,G_3,,,300,38,,257.04,,E_5,30,0.65,,,,,
743_Bis_offspring_germination,Lampei,G_3,,,300,38,,257.04,,E_5,30,0.8,,,,,
743_Bis_offspring_germination,Lampei,G_3,,,300,38,,257.04,,E_5,30,0.6,,,,,
743_Bis_offspring_germination,Lampei,G_3,,,300,38,,257.04,,E_5,30,0.4,,,,,
743_Bis_offspring_germination,Lampei,G_3,,,300,38,,257.04,,E_5,30,0.75,,,,,
743_Bis_offspring_germination,Lampei,G_3,,,300,38,,257.04,,E_5,30,0,,,,,
743_Bis_offspring_germination,Lampei,G_3,,,300,38,,257.04,,E_5,30,0.3,,,,,
743_Bis_offspring_germination,Lampei,G_3,,,300,38,,257.04,,E_5,30,0.75,,,,,
743_Bis_offspring_germination,Lampei,G_3,,,300,38,,257.04,,E_5,30,0.85,,,,,
743_Bis_offspring_germination,Lampei,G_3,,,300,38,,257.04,,E_5,30,0.3,,,,,
743_Bis_offspring_germination,Lampei,G_3,,,300,38,,257.04,,E_5,30,0.3,,,,,
743_Bis_offspring_germination,Lampei,G_3,,,300,38,,257.04,,E_5,30,0.75,,,,,
743_Bis_offspring_germination,Lampei,G_3,,,300,38,,257.04,,E_5,30,0.05,,,,,
743_Bis_offspring_germination,Lampei,G_3,,,300,38,,257.04,,E_5,30,0.05,,,,,
743_Bis_offspring_germination,Lampei,G_3,,,300,38,,257.04,,E_5,30,0.85,,,,,
743_Bis_offspring_germination,Lampei,G_3,,,300,38,,257.04,,E_5,30,0.7,,,,,
743_Bis_offspring_germination,Lampei,G_3,,,300,38,,257.04,,E_5,30,0.65,,,,,
743_Bis_offspring_germination,Lampei,G_3,,,300,38,,257.04,,E_5,30,0.9,,,,,
743_Bis_offspring_germination,Lampei,G_3,,,300,38,,257.04,,E_5,30,0.7,,,,,
743_Bis_offspring_germination,Lampei,G_3,,,300,38,,257.04,,E_5,30,0.8,,,,,
743_Bis_offspring_germination,Lampei,G_3,,,300,38,,257.04,,E_5,30,0.35,,,,,
743_Bis_offspring_germination,Lampei,G_3,,,300,38,,257.04,,E_5,30,0.65,,,,,
743_Bis_offspring_germination,Lampei,G_3,,,300,38,,257.04,,E_5,30,0.6,,,,,
743_Bis_offspring_germination,Lampei,G_3,,,300,38,,257.04,,E_5,30,0.3,,,,,
743_Bis_offspring_germination,Lampei,G_3,,,300,38,,257.04,,E_5,30,0.857142857,,,,,
743_Bis_offspring_germination,Lampei,G_3,,,300,38,,257.04,,E_5,30,0.05,,,,,
743_Bis_offspring_germination,Lampei,G_3,,,300,38,,257.04,,E_5,30,0.3,,,,,
743_Bis_offspring_germination,Lampei,G_3,,,300,38,,257.04,,E_5,30,0.75,,,,,
743_Bis_offspring_germination,Lampei,G_3,,,300,38,,257.04,,E_5,30,0.85,,,,,
743_Bis_offspring_germination,Lampei,G_3,,,300,38,,171.54,,E_6,41,0.7,,,,,
743_Bis_offspring_germination,Lampei,G_3,,,300,38,,171.54,,E_6,41,1,,,,,
743_Bis_offspring_germination,Lampei,G_3,,,300,38,,171.54,,E_6,41,0.45,,,,,
743_Bis_offspring_germination,Lampei,G_3,,,300,38,,171.54,,E_6,41,0.95,,,,,
743_Bis_offspring_germination,Lampei,G_3,,,300,38,,171.54,,E_6,41,0.95,,,,,
743_Bis_offspring_germination,Lampei,G_3,,,300,38,,171.54,,E_6,41,0.875,,,,,
743_Bis_offspring_germination,Lampei,G_3,,,300,38,,171.54,,E_6,41,0.368421053,,,,,
743_Bis_offspring_germination,Lampei,G_3,,,300,38,,171.54,,E_6,41,1,,,,,
743_Bis_offspring_germination,Lampei,G_3,,,300,38,,171.54,,E_6,41,0.421052632,,,,,
743_Bis_offspring_germination,Lampei,G_3,,,300,38,,171.54,,E_6,41,1,,,,,
743_Bis_offspring_germination,Lampei,G_3,,,300,38,,171.54,,E_6,41,0.7,,,,,
743_Bis_offspring_germination,Lampei,G_3,,,300,38,,171.54,,E_6,41,0.9,,,,,
743_Bis_offspring_germination,Lampei,G_3,,,300,38,,171.54,,E_6,41,0.9,,,,,
743_Bis_offspring_germination,Lampei,G_3,,,300,38,,171.54,,E_6,41,1,,,,,
743_Bis_offspring_germination,Lampei,G_3,,,300,38,,171.54,,E_6,41,0.5,,,,,
743_Bis_offspring_germination,Lampei,G_3,,,300,38,,171.54,,E_6,41,0.75,,,,,
743_Bis_offspring_germination,Lampei,G_3,,,300,38,,171.54,,E_6,41,0.75,,,,,
743_Bis_offspring_germination,Lampei,G_3,,,300,38,,171.54,,E_6,41,0.722222222,,,,,
743_Bis_offspring_germination,Lampei,G_3,,,300,38,,171.54,,E_6,41,0.833333333,,,,,
743_Bis_offspring_germination,Lampei,G_3,,,300,38,,171.54,,E_6,41,0.8,,,,,
743_Bis_offspring_germination,Lampei,G_3,,,300,38,,171.54,,E_6,41,0.65,,,,,
743_Bis_offspring_germination,Lampei,G_3,,,300,38,,171.54,,E_6,41,0.428571429,,,,,
743_Bis_offspring_germination,Lampei,G_3,,,300,38,,171.54,,E_6,41,0.35,,,,,
743_Bis_offspring_germination,Lampei,G_3,,,300,38,,171.54,,E_6,41,0.1,,,,,
743_Bis_offspring_germination,Lampei,G_3,,,300,38,,171.54,,E_6,41,0.55,,,,,
743_Bis_offspring_germination,Lampei,G_3,,,300,38,,171.54,,E_6,41,0,,,,,
743_Bis_offspring_germination,Lampei,G_3,,,300,38,,171.54,,E_6,41,0.7,,,,,
743_Bis_offspring_germination,Lampei,G_3,,,300,38,,171.54,,E_6,41,0.846153846,,,,,
743_Bis_offspring_germination,Lampei,G_3,,,300,38,,171.54,,E_6,41,0.8,,,,,
743_Bis_offspring_germination,Lampei,G_3,,,300,38,,171.54,,E_6,41,0.692307692,,,,,
743_Bis_offspring_germination,Lampei,G_3,,,300,38,,171.54,,E_6,41,0.75,,,,,
743_Bis_offspring_germination,Lampei,G_3,,,300,38,,171.54,,E_6,41,0.4,,,,,
743_Bis_offspring_germination,Lampei,G_3,,,300,38,,171.54,,E_6,41,0.35,,,,,
743_Bis_offspring_germination,Lampei,G_3,,,300,38,,171.54,,E_6,41,0.7,,,,,
743_Bis_offspring_germination,Lampei,G_3,,,300,38,,171.54,,E_6,41,0,,,,,
743_Bis_offspring_germination,Lampei,G_3,,,300,38,,171.54,,E_6,41,0.45,,,,,
743_Bis_offspring_germination,Lampei,G_3,,,300,38,,171.54,,E_6,41,0.8,,,,,
743_Bis_offspring_germination,Lampei,G_3,,,300,38,,171.54,,E_6,41,0.75,,,,,
743_Bis_offspring_germination,Lampei,G_3,,,300,38,,171.54,,E_6,41,0.7,,,,,
743_Bis_offspring_germination,Lampei,G_3,,,300,38,,171.54,,E_6,41,1,,,,,
743_Bis_offspring_germination,Lampei,G_3,,,300,38,,171.54,,E_6,41,1,,,,,
743_Bis_offspring_germination,Lampei,G_3,,,300,38,,101.84,,E_7,21,0.9,,,,,
743_Bis_offspring_germination,Lampei,G_3,,,300,38,,101.84,,E_7,21,1,,,,,
743_Bis_offspring_germination,Lampei,G_3,,,300,38,,101.84,,E_7,21,0.15,,,,,
743_Bis_offspring_germination,Lampei,G_3,,,300,38,,101.84,,E_7,21,0.5,,,,,
743_Bis_offspring_germination,Lampei,G_3,,,300,38,,101.84,,E_7,21,0.444444444,,,,,
743_Bis_offspring_germination,Lampei,G_3,,,300,38,,101.84,,E_7,21,0.65,,,,,
743_Bis_offspring_germination,Lampei,G_3,,,300,38,,101.84,,E_7,21,0.9,,,,,
743_Bis_offspring_germination,Lampei,G_3,,,300,38,,101.84,,E_7,21,0.5,,,,,
743_Bis_offspring_germination,Lampei,G_3,,,300,38,,101.84,,E_7,21,0.9,,,,,
743_Bis_offspring_germination,Lampei,G_3,,,300,38,,101.84,,E_7,21,1,,,,,
743_Bis_offspring_germination,Lampei,G_3,,,300,38,,101.84,,E_7,21,0.65,,,,,
743_Bis_offspring_germination,Lampei,G_3,,,300,38,,101.84,,E_7,21,0.9,,,,,
743_Bis_offspring_germination,Lampei,G_3,,,300,38,,101.84,,E_7,21,0.8,,,,,
743_Bis_offspring_germination,Lampei,G_3,,,300,38,,101.84,,E_7,21,0.8,,,,,
743_Bis_offspring_germination,Lampei,G_3,,,300,38,,101.84,,E_7,21,0.85,,,,,
743_Bis_offspring_germination,Lampei,G_3,,,300,38,,101.84,,E_7,21,0.75,,,,,
743_Bis_offspring_germination,Lampei,G_3,,,300,38,,101.84,,E_7,21,0.75,,,,,
743_Bis_offspring_germination,Lampei,G_3,,,300,38,,101.84,,E_7,21,0.65,,,,,
743_Bis_offspring_germination,Lampei,G_3,,,300,38,,101.84,,E_7,21,0.2,,,,,
743_Bis_offspring_germination,Lampei,G_3,,,300,38,,101.84,,E_7,21,0,,,,,
743_Bis_offspring_germination,Lampei,G_3,,,300,38,,101.84,,E_7,21,0.571428571,,,,,
743_Bis_offspring_germination,Lampei,G_3,,,300,38,,99.84,,E_8,16,0.8,,,,,
743_Bis_offspring_germination,Lampei,G_3,,,300,38,,99.84,,E_8,16,0.75,,,,,
743_Bis_offspring_germination,Lampei,G_3,,,300,38,,99.84,,E_8,16,0.785714286,,,,,
743_Bis_offspring_germination,Lampei,G_3,,,300,38,,99.84,,E_8,16,0.5,,,,,
743_Bis_offspring_germination,Lampei,G_3,,,300,38,,99.84,,E_8,16,0.85,,,,,
743_Bis_offspring_germination,Lampei,G_3,,,300,38,,99.84,,E_8,16,0.75,,,,,
743_Bis_offspring_germination,Lampei,G_3,,,300,38,,99.84,,E_8,16,0.75,,,,,
743_Bis_offspring_germination,Lampei,G_3,,,300,38,,99.84,,E_8,16,0.95,,,,,
743_Bis_offspring_germination,Lampei,G_3,,,300,38,,99.84,,E_8,16,0.35,,,,,
743_Bis_offspring_germination,Lampei,G_3,,,300,38,,99.84,,E_8,16,0.85,,,,,
743_Bis_offspring_germination,Lampei,G_3,,,300,38,,99.84,,E_8,16,0.75,,,,,
743_Bis_offspring_germination,Lampei,G_3,,,300,38,,99.84,,E_8,16,0.8,,,,,
743_Bis_offspring_germination,Lampei,G_3,,,300,38,,99.84,,E_8,16,0.7,,,,,
743_Bis_offspring_germination,Lampei,G_3,,,300,38,,99.84,,E_8,16,0.75,,,,,
743_Bis_offspring_germination,Lampei,G_3,,,300,38,,99.84,,E_8,16,0.15,,,,,
743_Bis_offspring_germination,Lampei,G_3,,,300,38,,99.84,,E_8,16,0.526315789,,,,,
743_Bis_offspring_germination,Lampei,G_3,,,300,38,,80.97,,E_9,21,0.35,,,,,
743_Bis_offspring_germination,Lampei,G_3,,,300,38,,80.97,,E_9,21,0.75,,,,,
743_Bis_offspring_germination,Lampei,G_3,,,300,38,,80.97,,E_9,21,0.8,,,,,
743_Bis_offspring_germination,Lampei,G_3,,,300,38,,80.97,,E_9,21,0.8,,,,,
743_Bis_offspring_germination,Lampei,G_3,,,300,38,,80.97,,E_9,21,0.95,,,,,
743_Bis_offspring_germination,Lampei,G_3,,,300,38,,80.97,,E_9,21,0.95,,,,,
743_Bis_offspring_germination,Lampei,G_3,,,300,38,,80.97,,E_9,21,0.8,,,,,
743_Bis_offspring_germination,Lampei,G_3,,,300,38,,80.97,,E_9,21,0.9,,,,,
743_Bis_offspring_germination,Lampei,G_3,,,300,38,,80.97,,E_9,21,1,,,,,
743_Bis_offspring_germination,Lampei,G_3,,,300,38,,80.97,,E_9,21,0.6,,,,,
743_Bis_offspring_germination,Lampei,G_3,,,300,38,,80.97,,E_9,21,0.85,,,,,
743_Bis_offspring_germination,Lampei,G_3,,,300,38,,80.97,,E_9,21,0.45,,,,,
743_Bis_offspring_germination,Lampei,G_3,,,300,38,,80.97,,E_9,21,0.4,,,,,
743_Bis_offspring_germination,Lampei,G_3,,,300,38,,80.97,,E_9,21,0.8,,,,,
743_Bis_offspring_germination,Lampei,G_3,,,300,38,,80.97,,E_9,21,0.75,,,,,
743_Bis_offspring_germination,Lampei,G_3,,,300,38,,80.97,,E_9,21,0.7,,,,,
743_Bis_offspring_germination,Lampei,G_3,,,300,38,,80.97,,E_9,21,0.75,,,,,
743_Bis_offspring_germination,Lampei,G_3,,,300,38,,80.97,,E_9,21,0.6,,,,,
743_Bis_offspring_germination,Lampei,G_3,,,300,38,,80.97,,E_9,21,0.75,,,,,
743_Bis_offspring_germination,Lampei,G_3,,,300,38,,80.97,,E_9,21,1,,,,,
743_Bis_offspring_germination,Lampei,G_3,,,300,38,,80.97,,E_9,21,0.9,,,,,
743_Bis_offspring_germination,Lampei,G_3,,,300,38,,42.83,,E_10,7,0.6,,,,,
743_Bis_offspring_germination,Lampei,G_3,,,300,38,,42.83,,E_10,7,0.7,,,,,
743_Bis_offspring_germination,Lampei,G_3,,,300,38,,42.83,,E_10,7,0.6,,,,,
743_Bis_offspring_germination,Lampei,G_3,,,300,38,,42.83,,E_10,7,0.6,,,,,
743_Bis_offspring_germination,Lampei,G_3,,,300,38,,42.83,,E_10,7,0.5,,,,,
743_Bis_offspring_germination,Lampei,G_3,,,300,38,,42.83,,E_10,7,0.8,,,,,
743_Bis_offspring_germination,Lampei,G_3,,,300,38,,42.83,,E_10,7,0.9,,,,,
743_Bis_offspring_germination,Lampei,G_4,,,90,51,,857.25,,E_1,16,0.35,,,,,
743_Bis_offspring_germination,Lampei,G_4,,,90,51,,857.25,,E_1,16,0.35,,,,,
743_Bis_offspring_germination,Lampei,G_4,,,90,51,,857.25,,E_1,16,0.45,,,,,
743_Bis_offspring_germination,Lampei,G_4,,,90,51,,857.25,,E_1,16,0.55,,,,,
743_Bis_offspring_germination,Lampei,G_4,,,90,51,,857.25,,E_1,16,0.6,,,,,
743_Bis_offspring_germination,Lampei,G_4,,,90,51,,857.25,,E_1,16,0.5,,,,,
743_Bis_offspring_germination,Lampei,G_4,,,90,51,,857.25,,E_1,16,0.4,,,,,
743_Bis_offspring_germination,Lampei,G_4,,,90,51,,857.25,,E_1,16,0.4,,,,,
743_Bis_offspring_germination,Lampei,G_4,,,90,51,,857.25,,E_1,16,0.1,,,,,
743_Bis_offspring_germination,Lampei,G_4,,,90,51,,857.25,,E_1,16,0.05,,,,,
743_Bis_offspring_germination,Lampei,G_4,,,90,51,,857.25,,E_1,16,0,,,,,
743_Bis_offspring_germination,Lampei,G_4,,,90,51,,857.25,,E_1,16,0,,,,,
743_Bis_offspring_germination,Lampei,G_4,,,90,51,,857.25,,E_1,16,0,,,,,
743_Bis_offspring_germination,Lampei,G_4,,,90,51,,857.25,,E_1,16,0,,,,,
743_Bis_offspring_germination,Lampei,G_4,,,90,51,,857.25,,E_1,16,0,,,,,
743_Bis_offspring_germination,Lampei,G_4,,,90,51,,857.25,,E_1,16,0,,,,,
743_Bis_offspring_germination,Lampei,G_4,,,90,51,,471.94,,E_2,24,0.5,,,,,
743_Bis_offspring_germination,Lampei,G_4,,,90,51,,471.94,,E_2,24,0.4,,,,,
743_Bis_offspring_germination,Lampei,G_4,,,90,51,,471.94,,E_2,24,0.5,,,,,
743_Bis_offspring_germination,Lampei,G_4,,,90,51,,471.94,,E_2,24,0.6,,,,,
743_Bis_offspring_germination,Lampei,G_4,,,90,51,,471.94,,E_2,24,0,,,,,
743_Bis_offspring_germination,Lampei,G_4,,,90,51,,471.94,,E_2,24,0,,,,,
743_Bis_offspring_germination,Lampei,G_4,,,90,51,,471.94,,E_2,24,0.55,,,,,
743_Bis_offspring_germination,Lampei,G_4,,,90,51,,471.94,,E_2,24,0.15,,,,,
743_Bis_offspring_germination,Lampei,G_4,,,90,51,,471.94,,E_2,24,0.4,,,,,
743_Bis_offspring_germination,Lampei,G_4,,,90,51,,471.94,,E_2,24,0.35,,,,,
743_Bis_offspring_germination,Lampei,G_4,,,90,51,,471.94,,E_2,24,0.333333333,,,,,
743_Bis_offspring_germination,Lampei,G_4,,,90,51,,471.94,,E_2,24,0.05,,,,,
743_Bis_offspring_germination,Lampei,G_4,,,90,51,,471.94,,E_2,24,0,,,,,
743_Bis_offspring_germination,Lampei,G_4,,,90,51,,471.94,,E_2,24,0,,,,,
743_Bis_offspring_germination,Lampei,G_4,,,90,51,,471.94,,E_2,24,0,,,,,
743_Bis_offspring_germination,Lampei,G_4,,,90,51,,471.94,,E_2,24,0,,,,,
743_Bis_offspring_germination,Lampei,G_4,,,90,51,,471.94,,E_2,24,0.2,,,,,
743_Bis_offspring_germination,Lampei,G_4,,,90,51,,471.94,,E_2,24,0.6,,,,,
743_Bis_offspring_germination,Lampei,G_4,,,90,51,,471.94,,E_2,24,0.15,,,,,
743_Bis_offspring_germination,Lampei,G_4,,,90,51,,471.94,,E_2,24,0.1,,,,,
743_Bis_offspring_germination,Lampei,G_4,,,90,51,,471.94,,E_2,24,0.2,,,,,
743_Bis_offspring_germination,Lampei,G_4,,,90,51,,471.94,,E_2,24,0,,,,,
743_Bis_offspring_germination,Lampei,G_4,,,90,51,,471.94,,E_2,24,0.35,,,,,
743_Bis_offspring_germination,Lampei,G_4,,,90,51,,471.94,,E_2,24,0.5,,,,,
743_Bis_offspring_germination,Lampei,G_4,,,90,51,,443.88,,E_3,27,0.25,,,,,
743_Bis_offspring_germination,Lampei,G_4,,,90,51,,443.88,,E_3,27,0.15,,,,,
743_Bis_offspring_germination,Lampei,G_4,,,90,51,,443.88,,E_3,27,0.2,,,,,
743_Bis_offspring_germination,Lampei,G_4,,,90,51,,443.88,,E_3,27,0,,,,,
743_Bis_offspring_germination,Lampei,G_4,,,90,51,,443.88,,E_3,27,0.1,,,,,
743_Bis_offspring_germination,Lampei,G_4,,,90,51,,443.88,,E_3,27,0.5,,,,,
743_Bis_offspring_germination,Lampei,G_4,,,90,51,,443.88,,E_3,27,0.65,,,,,
743_Bis_offspring_germination,Lampei,G_4,,,90,51,,443.88,,E_3,27,0,,,,,
743_Bis_offspring_germination,Lampei,G_4,,,90,51,,443.88,,E_3,27,0,,,,,
743_Bis_offspring_germination,Lampei,G_4,,,90,51,,443.88,,E_3,27,0,,,,,
743_Bis_offspring_germination,Lampei,G_4,,,90,51,,443.88,,E_3,27,0,,,,,
743_Bis_offspring_germination,Lampei,G_4,,,90,51,,443.88,,E_3,27,0.4,,,,,
743_Bis_offspring_germination,Lampei,G_4,,,90,51,,443.88,,E_3,27,0.3,,,,,
743_Bis_offspring_germination,Lampei,G_4,,,90,51,,443.88,,E_3,27,0.1,,,,,
743_Bis_offspring_germination,Lampei,G_4,,,90,51,,443.88,,E_3,27,0.5,,,,,
743_Bis_offspring_germination,Lampei,G_4,,,90,51,,443.88,,E_3,27,0.35,,,,,
743_Bis_offspring_germination,Lampei,G_4,,,90,51,,443.88,,E_3,27,0.75,,,,,
743_Bis_offspring_germination,Lampei,G_4,,,90,51,,443.88,,E_3,27,0.65,,,,,
743_Bis_offspring_germination,Lampei,G_4,,,90,51,,443.88,,E_3,27,0.7,,,,,
743_Bis_offspring_germination,Lampei,G_4,,,90,51,,443.88,,E_3,27,0.75,,,,,
743_Bis_offspring_germination,Lampei,G_4,,,90,51,,443.88,,E_3,27,0.1,,,,,
743_Bis_offspring_germination,Lampei,G_4,,,90,51,,443.88,,E_3,27,0.55,,,,,
743_Bis_offspring_germination,Lampei,G_4,,,90,51,,443.88,,E_3,27,0.55,,,,,
743_Bis_offspring_germination,Lampei,G_4,,,90,51,,443.88,,E_3,27,0,,,,,
743_Bis_offspring_germination,Lampei,G_4,,,90,51,,443.88,,E_3,27,0.05,,,,,
743_Bis_offspring_germination,Lampei,G_4,,,90,51,,443.88,,E_3,27,0.2,,,,,
743_Bis_offspring_germination,Lampei,G_4,,,90,51,,443.88,,E_3,27,0,,,,,
743_Bis_offspring_germination,Lampei,G_4,,,90,51,,266.11,,E_4,34,1,,,,,
743_Bis_offspring_germination,Lampei,G_4,,,90,51,,266.11,,E_4,34,0.75,,,,,
743_Bis_offspring_germination,Lampei,G_4,,,90,51,,266.11,,E_4,34,0.75,,,,,
743_Bis_offspring_germination,Lampei,G_4,,,90,51,,266.11,,E_4,34,0.85,,,,,
743_Bis_offspring_germination,Lampei,G_4,,,90,51,,266.11,,E_4,34,0.05,,,,,
743_Bis_offspring_germination,Lampei,G_4,,,90,51,,266.11,,E_4,34,0.3,,,,,
743_Bis_offspring_germination,Lampei,G_4,,,90,51,,266.11,,E_4,34,0.3,,,,,
743_Bis_offspring_germination,Lampei,G_4,,,90,51,,266.11,,E_4,34,0.5,,,,,
743_Bis_offspring_germination,Lampei,G_4,,,90,51,,266.11,,E_4,34,0.25,,,,,
743_Bis_offspring_germination,Lampei,G_4,,,90,51,,266.11,,E_4,34,0.5,,,,,
743_Bis_offspring_germination,Lampei,G_4,,,90,51,,266.11,,E_4,34,0.75,,,,,
743_Bis_offspring_germination,Lampei,G_4,,,90,51,,266.11,,E_4,34,0.35,,,,,
743_Bis_offspring_germination,Lampei,G_4,,,90,51,,266.11,,E_4,34,0.55,,,,,
743_Bis_offspring_germination,Lampei,G_4,,,90,51,,266.11,,E_4,34,0.9,,,,,
743_Bis_offspring_germination,Lampei,G_4,,,90,51,,266.11,,E_4,34,0.65,,,,,
743_Bis_offspring_germination,Lampei,G_4,,,90,51,,266.11,,E_4,34,0.8,,,,,
743_Bis_offspring_germination,Lampei,G_4,,,90,51,,266.11,,E_4,34,0.85,,,,,
743_Bis_offspring_germination,Lampei,G_4,,,90,51,,266.11,,E_4,34,0.55,,,,,
743_Bis_offspring_germination,Lampei,G_4,,,90,51,,266.11,,E_4,34,0.3,,,,,
743_Bis_offspring_germination,Lampei,G_4,,,90,51,,266.11,,E_4,34,0.8,,,,,
743_Bis_offspring_germination,Lampei,G_4,,,90,51,,266.11,,E_4,34,0.8,,,,,
743_Bis_offspring_germination,Lampei,G_4,,,90,51,,266.11,,E_4,34,0.85,,,,,
743_Bis_offspring_germination,Lampei,G_4,,,90,51,,266.11,,E_4,34,0.75,,,,,
743_Bis_offspring_germination,Lampei,G_4,,,90,51,,266.11,,E_4,34,0.9,,,,,
743_Bis_offspring_germination,Lampei,G_4,,,90,51,,266.11,,E_4,34,0.5,,,,,
743_Bis_offspring_germination,Lampei,G_4,,,90,51,,266.11,,E_4,34,0.45,,,,,
743_Bis_offspring_germination,Lampei,G_4,,,90,51,,266.11,,E_4,34,0.5,,,,,
743_Bis_offspring_germination,Lampei,G_4,,,90,51,,266.11,,E_4,34,0.75,,,,,
743_Bis_offspring_germination,Lampei,G_4,,,90,51,,266.11,,E_4,34,0.2,,,,,
743_Bis_offspring_germination,Lampei,G_4,,,90,51,,266.11,,E_4,34,0.4,,,,,
743_Bis_offspring_germination,Lampei,G_4,,,90,51,,266.11,,E_4,34,0.1,,,,,
743_Bis_offspring_germination,Lampei,G_4,,,90,51,,266.11,,E_4,34,0.15,,,,,
743_Bis_offspring_germination,Lampei,G_4,,,90,51,,266.11,,E_4,34,0.7,,,,,
743_Bis_offspring_germination,Lampei,G_4,,,90,51,,266.11,,E_4,34,0.7,,,,,
743_Bis_offspring_germination,Lampei,G_4,,,90,51,,257.04,,E_5,25,0.8,,,,,
743_Bis_offspring_germination,Lampei,G_4,,,90,51,,257.04,,E_5,25,0.65,,,,,
743_Bis_offspring_germination,Lampei,G_4,,,90,51,,257.04,,E_5,25,0.764705882,,,,,
743_Bis_offspring_germination,Lampei,G_4,,,90,51,,257.04,,E_5,25,0.75,,,,,
743_Bis_offspring_germination,Lampei,G_4,,,90,51,,257.04,,E_5,25,0.65,,,,,
743_Bis_offspring_germination,Lampei,G_4,,,90,51,,257.04,,E_5,25,0.55,,,,,
743_Bis_offspring_germination,Lampei,G_4,,,90,51,,257.04,,E_5,25,0.75,,,,,
743_Bis_offspring_germination,Lampei,G_4,,,90,51,,257.04,,E_5,25,0.3,,,,,
743_Bis_offspring_germination,Lampei,G_4,,,90,51,,257.04,,E_5,25,0.9,,,,,
743_Bis_offspring_germination,Lampei,G_4,,,90,51,,257.04,,E_5,25,0.4375,,,,,
743_Bis_offspring_germination,Lampei,G_4,,,90,51,,257.04,,E_5,25,0.444444444,,,,,
743_Bis_offspring_germination,Lampei,G_4,,,90,51,,257.04,,E_5,25,0.55,,,,,
743_Bis_offspring_germination,Lampei,G_4,,,90,51,,257.04,,E_5,25,0.6,,,,,
743_Bis_offspring_germination,Lampei,G_4,,,90,51,,257.04,,E_5,25,0.65,,,,,
743_Bis_offspring_germination,Lampei,G_4,,,90,51,,257.04,,E_5,25,0.7,,,,,
743_Bis_offspring_germination,Lampei,G_4,,,90,51,,257.04,,E_5,25,0.6,,,,,
743_Bis_offspring_germination,Lampei,G_4,,,90,51,,257.04,,E_5,25,0.45,,,,,
743_Bis_offspring_germination,Lampei,G_4,,,90,51,,257.04,,E_5,25,0.3,,,,,
743_Bis_offspring_germination,Lampei,G_4,,,90,51,,257.04,,E_5,25,0.714285714,,,,,
743_Bis_offspring_germination,Lampei,G_4,,,90,51,,257.04,,E_5,25,0.5,,,,,
743_Bis_offspring_germination,Lampei,G_4,,,90,51,,257.04,,E_5,25,0.75,,,,,
743_Bis_offspring_germination,Lampei,G_4,,,90,51,,257.04,,E_5,25,0.6,,,,,
743_Bis_offspring_germination,Lampei,G_4,,,90,51,,257.04,,E_5,25,0.5,,,,,
743_Bis_offspring_germination,Lampei,G_4,,,90,51,,257.04,,E_5,25,1,,,,,
743_Bis_offspring_germination,Lampei,G_4,,,90,51,,257.04,,E_5,25,0.263157895,,,,,
743_Bis_offspring_germination,Lampei,G_4,,,90,51,,171.54,,E_6,36,0.75,,,,,
743_Bis_offspring_germination,Lampei,G_4,,,90,51,,171.54,,E_6,36,0.7,,,,,
743_Bis_offspring_germination,Lampei,G_4,,,90,51,,171.54,,E_6,36,0.85,,,,,
743_Bis_offspring_germination,Lampei,G_4,,,90,51,,171.54,,E_6,36,0.8,,,,,
743_Bis_offspring_germination,Lampei,G_4,,,90,51,,171.54,,E_6,36,0.85,,,,,
743_Bis_offspring_germination,Lampei,G_4,,,90,51,,171.54,,E_6,36,0.75,,,,,
743_Bis_offspring_germination,Lampei,G_4,,,90,51,,171.54,,E_6,36,0.2,,,,,
743_Bis_offspring_germination,Lampei,G_4,,,90,51,,171.54,,E_6,36,0.25,,,,,
743_Bis_offspring_germination,Lampei,G_4,,,90,51,,171.54,,E_6,36,0.95,,,,,
743_Bis_offspring_germination,Lampei,G_4,,,90,51,,171.54,,E_6,36,0.9,,,,,
743_Bis_offspring_germination,Lampei,G_4,,,90,51,,171.54,,E_6,36,0.333333333,,,,,
743_Bis_offspring_germination,Lampei,G_4,,,90,51,,171.54,,E_6,36,0.65,,,,,
743_Bis_offspring_germination,Lampei,G_4,,,90,51,,171.54,,E_6,36,0.3,,,,,
743_Bis_offspring_germination,Lampei,G_4,,,90,51,,171.54,,E_6,36,0.75,,,,,
743_Bis_offspring_germination,Lampei,G_4,,,90,51,,171.54,,E_6,36,0.15,,,,,
743_Bis_offspring_germination,Lampei,G_4,,,90,51,,171.54,,E_6,36,0.9,,,,,
743_Bis_offspring_germination,Lampei,G_4,,,90,51,,171.54,,E_6,36,0.85,,,,,
743_Bis_offspring_germination,Lampei,G_4,,,90,51,,171.54,,E_6,36,0,,,,,
743_Bis_offspring_germination,Lampei,G_4,,,90,51,,171.54,,E_6,36,0.15,,,,,
743_Bis_offspring_germination,Lampei,G_4,,,90,51,,171.54,,E_6,36,0.2,,,,,
743_Bis_offspring_germination,Lampei,G_4,,,90,51,,171.54,,E_6,36,0.4,,,,,
743_Bis_offspring_germination,Lampei,G_4,,,90,51,,171.54,,E_6,36,0.6,,,,,
743_Bis_offspring_germination,Lampei,G_4,,,90,51,,171.54,,E_6,36,0.95,,,,,
743_Bis_offspring_germination,Lampei,G_4,,,90,51,,171.54,,E_6,36,0.25,,,,,
743_Bis_offspring_germination,Lampei,G_4,,,90,51,,171.54,,E_6,36,0.25,,,,,
743_Bis_offspring_germination,Lampei,G_4,,,90,51,,171.54,,E_6,36,0.55,,,,,
743_Bis_offspring_germination,Lampei,G_4,,,90,51,,171.54,,E_6,36,0.375,,,,,
743_Bis_offspring_germination,Lampei,G_4,,,90,51,,171.54,,E_6,36,0.8125,,,,,
743_Bis_offspring_germination,Lampei,G_4,,,90,51,,171.54,,E_6,36,0.2,,,,,
743_Bis_offspring_germination,Lampei,G_4,,,90,51,,171.54,,E_6,36,0.35,,,,,
743_Bis_offspring_germination,Lampei,G_4,,,90,51,,171.54,,E_6,36,0.5,,,,,
743_Bis_offspring_germination,Lampei,G_4,,,90,51,,171.54,,E_6,36,0.65,,,,,
743_Bis_offspring_germination,Lampei,G_4,,,90,51,,171.54,,E_6,36,0.75,,,,,
743_Bis_offspring_germination,Lampei,G_4,,,90,51,,171.54,,E_6,36,0.6,,,,,
743_Bis_offspring_germination,Lampei,G_4,,,90,51,,171.54,,E_6,36,0.55,,,,,
743_Bis_offspring_germination,Lampei,G_4,,,90,51,,171.54,,E_6,36,0.45,,,,,
743_Bis_offspring_germination,Lampei,G_4,,,90,51,,101.84,,E_7,21,0.3,,,,,
743_Bis_offspring_germination,Lampei,G_4,,,90,51,,101.84,,E_7,21,0.35,,,,,
743_Bis_offspring_germination,Lampei,G_4,,,90,51,,101.84,,E_7,21,0.8,,,,,
743_Bis_offspring_germination,Lampei,G_4,,,90,51,,101.84,,E_7,21,0.8,,,,,
743_Bis_offspring_germination,Lampei,G_4,,,90,51,,101.84,,E_7,21,0.85,,,,,
743_Bis_offspring_germination,Lampei,G_4,,,90,51,,101.84,,E_7,21,0.9,,,,,
743_Bis_offspring_germination,Lampei,G_4,,,90,51,,101.84,,E_7,21,0.8,,,,,
743_Bis_offspring_germination,Lampei,G_4,,,90,51,,101.84,,E_7,21,0.333333333,,,,,
743_Bis_offspring_germination,Lampei,G_4,,,90,51,,101.84,,E_7,21,0.8,,,,,
743_Bis_offspring_germination,Lampei,G_4,,,90,51,,101.84,,E_7,21,0.55,,,,,
743_Bis_offspring_germination,Lampei,G_4,,,90,51,,101.84,,E_7,21,0.6,,,,,
743_Bis_offspring_germination,Lampei,G_4,,,90,51,,101.84,,E_7,21,0.65,,,,,
743_Bis_offspring_germination,Lampei,G_4,,,90,51,,101.84,,E_7,21,0.833333333,,,,,
743_Bis_offspring_germination,Lampei,G_4,,,90,51,,101.84,,E_7,21,0.75,,,,,
743_Bis_offspring_germination,Lampei,G_4,,,90,51,,101.84,,E_7,21,0.6,,,,,
743_Bis_offspring_germination,Lampei,G_4,,,90,51,,101.84,,E_7,21,0.8,,,,,
743_Bis_offspring_germination,Lampei,G_4,,,90,51,,101.84,,E_7,21,0.8,,,,,
743_Bis_offspring_germination,Lampei,G_4,,,90,51,,101.84,,E_7,21,0.65,,,,,
743_Bis_offspring_germination,Lampei,G_4,,,90,51,,101.84,,E_7,21,0.9,,,,,
743_Bis_offspring_germination,Lampei,G_4,,,90,51,,101.84,,E_7,21,0.75,,,,,
743_Bis_offspring_germination,Lampei,G_4,,,90,51,,101.84,,E_7,21,0.6,,,,,
743_Bis_offspring_germination,Lampei,G_4,,,90,51,,99.84,,E_8,25,0.3,,,,,
743_Bis_offspring_germination,Lampei,G_4,,,90,51,,99.84,,E_8,25,0.6,,,,,
743_Bis_offspring_germination,Lampei,G_4,,,90,51,,99.84,,E_8,25,1,,,,,
743_Bis_offspring_germination,Lampei,G_4,,,90,51,,99.84,,E_8,25,0.2,,,,,
743_Bis_offspring_germination,Lampei,G_4,,,90,51,,99.84,,E_8,25,0.75,,,,,
743_Bis_offspring_germination,Lampei,G_4,,,90,51,,99.84,,E_8,25,0.95,,,,,
743_Bis_offspring_germination,Lampei,G_4,,,90,51,,99.84,,E_8,25,0.5,,,,,
743_Bis_offspring_germination,Lampei,G_4,,,90,51,,99.84,,E_8,25,0.7,,,,,
743_Bis_offspring_germination,Lampei,G_4,,,90,51,,99.84,,E_8,25,0.95,,,,,
743_Bis_offspring_germination,Lampei,G_4,,,90,51,,99.84,,E_8,25,0.65,,,,,
743_Bis_offspring_germination,Lampei,G_4,,,90,51,,99.84,,E_8,25,0.65,,,,,
743_Bis_offspring_germination,Lampei,G_4,,,90,51,,99.84,,E_8,25,0.7,,,,,
743_Bis_offspring_germination,Lampei,G_4,,,90,51,,99.84,,E_8,25,0.8,,,,,
743_Bis_offspring_germination,Lampei,G_4,,,90,51,,99.84,,E_8,25,0.1,,,,,
743_Bis_offspring_germination,Lampei,G_4,,,90,51,,99.84,,E_8,25,0.7,,,,,
743_Bis_offspring_germination,Lampei,G_4,,,90,51,,99.84,,E_8,25,0.8,,,,,
743_Bis_offspring_germination,Lampei,G_4,,,90,51,,99.84,,E_8,25,0.75,,,,,
743_Bis_offspring_germination,Lampei,G_4,,,90,51,,99.84,,E_8,25,0.65,,,,,
743_Bis_offspring_germination,Lampei,G_4,,,90,51,,99.84,,E_8,25,0.8,,,,,
743_Bis_offspring_germination,Lampei,G_4,,,90,51,,99.84,,E_8,25,0.25,,,,,
743_Bis_offspring_germination,Lampei,G_4,,,90,51,,99.84,,E_8,25,0.6,,,,,
743_Bis_offspring_germination,Lampei,G_4,,,90,51,,99.84,,E_8,25,0.9,,,,,
743_Bis_offspring_germination,Lampei,G_4,,,90,51,,99.84,,E_8,25,0.6,,,,,
743_Bis_offspring_germination,Lampei,G_4,,,90,51,,99.84,,E_8,25,0.55,,,,,
743_Bis_offspring_germination,Lampei,G_4,,,90,51,,99.84,,E_8,25,0.4,,,,,
743_Bis_offspring_germination,Lampei,G_4,,,90,51,,80.97,,E_9,25,0.9,,,,,
743_Bis_offspring_germination,Lampei,G_4,,,90,51,,80.97,,E_9,25,0.9,,,,,
743_Bis_offspring_germination,Lampei,G_4,,,90,51,,80.97,,E_9,25,0.6,,,,,
743_Bis_offspring_germination,Lampei,G_4,,,90,51,,80.97,,E_9,25,0.65,,,,,
743_Bis_offspring_germination,Lampei,G_4,,,90,51,,80.97,,E_9,25,0.9,,,,,
743_Bis_offspring_germination,Lampei,G_4,,,90,51,,80.97,,E_9,25,0.75,,,,,
743_Bis_offspring_germination,Lampei,G_4,,,90,51,,80.97,,E_9,25,0.588235294,,,,,
743_Bis_offspring_germination,Lampei,G_4,,,90,51,,80.97,,E_9,25,1,,,,,
743_Bis_offspring_germination,Lampei,G_4,,,90,51,,80.97,,E_9,25,1,,,,,
743_Bis_offspring_germination,Lampei,G_4,,,90,51,,80.97,,E_9,25,1,,,,,
743_Bis_offspring_germination,Lampei,G_4,,,90,51,,80.97,,E_9,25,0.8,,,,,
743_Bis_offspring_germination,Lampei,G_4,,,90,51,,80.97,,E_9,25,0.85,,,,,
743_Bis_offspring_germination,Lampei,G_4,,,90,51,,80.97,,E_9,25,0.75,,,,,
743_Bis_offspring_germination,Lampei,G_4,,,90,51,,80.97,,E_9,25,0.666666667,,,,,
743_Bis_offspring_germination,Lampei,G_4,,,90,51,,80.97,,E_9,25,0.75,,,,,
743_Bis_offspring_germination,Lampei,G_4,,,90,51,,80.97,,E_9,25,0.7,,,,,
743_Bis_offspring_germination,Lampei,G_4,,,90,51,,80.97,,E_9,25,0.9,,,,,
743_Bis_offspring_germination,Lampei,G_4,,,90,51,,80.97,,E_9,25,0.7,,,,,
743_Bis_offspring_germination,Lampei,G_4,,,90,51,,80.97,,E_9,25,0.736842105,,,,,
743_Bis_offspring_germination,Lampei,G_4,,,90,51,,80.97,,E_9,25,0.894736842,,,,,
743_Bis_offspring_germination,Lampei,G_4,,,90,51,,80.97,,E_9,25,0.85,,,,,
743_Bis_offspring_germination,Lampei,G_4,,,90,51,,80.97,,E_9,25,0.85,,,,,
743_Bis_offspring_germination,Lampei,G_4,,,90,51,,80.97,,E_9,25,0.5,,,,,
743_Bis_offspring_germination,Lampei,G_4,,,90,51,,80.97,,E_9,25,0.9,,,,,
743_Bis_offspring_germination,Lampei,G_4,,,90,51,,80.97,,E_9,25,1,,,,,
743_Bis_offspring_germination,Lampei,G_4,,,90,51,,42.83,,E_10,15,0.578947368,,,,,
743_Bis_offspring_germination,Lampei,G_4,,,90,51,,42.83,,E_10,15,0.7,,,,,
743_Bis_offspring_germination,Lampei,G_4,,,90,51,,42.83,,E_10,15,0.6,,,,,
743_Bis_offspring_germination,Lampei,G_4,,,90,51,,42.83,,E_10,15,0.272727273,,,,,
743_Bis_offspring_germination,Lampei,G_4,,,90,51,,42.83,,E_10,15,1,,,,,
743_Bis_offspring_germination,Lampei,G_4,,,90,51,,42.83,,E_10,15,0.8,,,,,
743_Bis_offspring_germination,Lampei,G_4,,,90,51,,42.83,,E_10,15,0.285714286,,,,,
743_Bis_offspring_germination,Lampei,G_4,,,90,51,,42.83,,E_10,15,1,,,,,
743_Bis_offspring_germination,Lampei,G_4,,,90,51,,42.83,,E_10,15,0.75,,,,,
743_Bis_offspring_germination,Lampei,G_4,,,90,51,,42.83,,E_10,15,0.7,,,,,
743_Bis_offspring_germination,Lampei,G_4,,,90,51,,42.83,,E_10,15,0.823529412,,,,,
743_Bis_offspring_germination,Lampei,G_4,,,90,51,,42.83,,E_10,15,0.4,,,,,
743_Bis_offspring_germination,Lampei,G_4,,,90,51,,42.83,,E_10,15,0.35,,,,,
743_Bis_offspring_germination,Lampei,G_4,,,90,51,,42.83,,E_10,15,0.7,,,,,
743_Bis_offspring_germination,Lampei,G_4,,,90,51,,42.83,,E_10,15,0.65,,,,,